[
  {
    "filename": "6_20250509_160942_435.pt",
    "table_id": 3,
    "product_type": 2,
    "label": 0
  },
  {
    "filename": "6_20250509_160952_497.pt",
    "table_id": 3,
    "product_type": 2,
    "label": -1
  },
  {
    "filename": "6_20250509_161002_549.pt",
    "table_id": 3,
    "product_type": 2,
    "label": 0
  },
  {
    "filename": "6_20250509_161012_673.pt",
    "table_id": 3,
    "product_type": 2,
    "label": 0
  },
  {
    "filename": "6_20250509_161022_736.pt",
    "table_id": 3,
    "product_type": 2,
    "label": -1
  },
  {
    "filename": "6_20250509_161032_814.pt",
    "table_id": 3,
    "product_type": 2,
    "label": -1
  },
  {
    "filename": "6_20250509_161042_831.pt",
    "table_id": 3,
    "product_type": 2,
    "label": 7
  },
  {
    "filename": "6_20250509_161052_897.pt",
    "table_id": 3,
    "product_type": 2,
    "label": -1
  },
  {
    "filename": "6_20250509_161102_978.pt",
    "table_id": 3,
    "product_type": 2,
    "label": -1
  },
  {
    "filename": "6_20250509_161112_996.pt",
    "table_id": 3,
    "product_type": 2,
    "label": -1
  },
  {
    "filename": "6_20250509_161123_058.pt",
    "table_id": 3,
    "product_type": 2,
    "label": -1
  },
  {
    "filename": "6_20250509_161133_137.pt",
    "table_id": 3,
    "product_type": 2,
    "label": -1
  },
  {
    "filename": "6_20250509_161143_234.pt",
    "table_id": 3,
    "product_type": 2,
    "label": 0
  },
  {
    "filename": "6_20250509_161153_296.pt",
    "table_id": 3,
    "product_type": 2,
    "label": -1
  },
  {
    "filename": "6_20250509_161203_377.pt",
    "table_id": 3,
    "product_type": 2,
    "label": 0
  },
  {
    "filename": "6_20250509_161213_470.pt",
    "table_id": 3,
    "product_type": 2,
    "label": 0
  },
  {
    "filename": "6_20250509_161223_529.pt",
    "table_id": 3,
    "product_type": 2,
    "label": -1
  },
  {
    "filename": "6_20250509_161233_607.pt",
    "table_id": 3,
    "product_type": 2,
    "label": -1
  },
  {
    "filename": "6_20250509_161243_706.pt",
    "table_id": 3,
    "product_type": 2,
    "label": -1
  },
  {
    "filename": "6_20250509_161253_769.pt",
    "table_id": 3,
    "product_type": 2,
    "label": 0
  },
  {
    "filename": "6_20250509_161303_852.pt",
    "table_id": 3,
    "product_type": 2,
    "label": -1
  },
  {
    "filename": "6_20250509_161313_868.pt",
    "table_id": 3,
    "product_type": 2,
    "label": 5
  },
  {
    "filename": "6_20250509_161323_935.pt",
    "table_id": 3,
    "product_type": 2,
    "label": 0
  },
  {
    "filename": "6_20250509_161334_017.pt",
    "table_id": 3,
    "product_type": 2,
    "label": -1
  },
  {
    "filename": "6_20250509_161344_035.pt",
    "table_id": 3,
    "product_type": 2,
    "label": 0
  },
  {
    "filename": "6_20250509_161354_098.pt",
    "table_id": 3,
    "product_type": 2,
    "label": 0
  },
  {
    "filename": "6_20250509_161404_173.pt",
    "table_id": 3,
    "product_type": 2,
    "label": -1
  },
  {
    "filename": "6_20250509_161414_267.pt",
    "table_id": 3,
    "product_type": 2,
    "label": 0
  },
  {
    "filename": "6_20250509_161424_326.pt",
    "table_id": 3,
    "product_type": 2,
    "label": -1
  },
  {
    "filename": "6_20250509_161434_408.pt",
    "table_id": 3,
    "product_type": 2,
    "label": -1
  },
  {
    "filename": "6_20250509_161444_502.pt",
    "table_id": 3,
    "product_type": 2,
    "label": 0
  },
  {
    "filename": "6_20250509_161454_563.pt",
    "table_id": 3,
    "product_type": 2,
    "label": -1
  },
  {
    "filename": "6_20250509_161504_644.pt",
    "table_id": 3,
    "product_type": 2,
    "label": -1
  },
  {
    "filename": "6_20250509_161514_739.pt",
    "table_id": 3,
    "product_type": 2,
    "label": -1
  },
  {
    "filename": "6_20250509_161524_800.pt",
    "table_id": 3,
    "product_type": 2,
    "label": 0
  },
  {
    "filename": "6_20250509_161534_888.pt",
    "table_id": 3,
    "product_type": 2,
    "label": -1
  },
  {
    "filename": "6_20250509_161544_902.pt",
    "table_id": 3,
    "product_type": 2,
    "label": -1
  },
  {
    "filename": "6_20250509_161554_964.pt",
    "table_id": 3,
    "product_type": 2,
    "label": 4
  },
  {
    "filename": "6_20250509_161605_048.pt",
    "table_id": 3,
    "product_type": 2,
    "label": -1
  },
  {
    "filename": "6_20250509_161615_138.pt",
    "table_id": 3,
    "product_type": 2,
    "label": -1
  },
  {
    "filename": "6_20250509_161625_200.pt",
    "table_id": 3,
    "product_type": 2,
    "label": -1
  },
  {
    "filename": "6_20250509_161635_291.pt",
    "table_id": 3,
    "product_type": 2,
    "label": 3
  },
  {
    "filename": "6_20250509_161645_377.pt",
    "table_id": 3,
    "product_type": 2,
    "label": -1
  },
  {
    "filename": "6_20250509_161655_441.pt",
    "table_id": 3,
    "product_type": 2,
    "label": 6
  },
  {
    "filename": "6_20250509_161705_541.pt",
    "table_id": 3,
    "product_type": 2,
    "label": 0
  },
  {
    "filename": "6_20250509_161715_635.pt",
    "table_id": 3,
    "product_type": 2,
    "label": 2
  },
  {
    "filename": "6_20250509_161725_699.pt",
    "table_id": 3,
    "product_type": 2,
    "label": -1
  },
  {
    "filename": "6_20250509_161735_797.pt",
    "table_id": 3,
    "product_type": 2,
    "label": -1
  },
  {
    "filename": "6_20250509_161745_893.pt",
    "table_id": 3,
    "product_type": 2,
    "label": -1
  },
  {
    "filename": "6_20250509_161755_959.pt",
    "table_id": 3,
    "product_type": 2,
    "label": -1
  },
  {
    "filename": "6_20250509_161806_057.pt",
    "table_id": 3,
    "product_type": 2,
    "label": -1
  },
  {
    "filename": "6_20250509_161816_144.pt",
    "table_id": 3,
    "product_type": 2,
    "label": -1
  },
  {
    "filename": "6_20250509_161826_203.pt",
    "table_id": 3,
    "product_type": 2,
    "label": -1
  },
  {
    "filename": "6_20250509_161836_300.pt",
    "table_id": 3,
    "product_type": 2,
    "label": 7
  },
  {
    "filename": "6_20250509_161846_391.pt",
    "table_id": 3,
    "product_type": 2,
    "label": -1
  },
  {
    "filename": "6_20250509_161856_454.pt",
    "table_id": 3,
    "product_type": 2,
    "label": -1
  },
  {
    "filename": "6_20250509_161906_550.pt",
    "table_id": 3,
    "product_type": 2,
    "label": -1
  },
  {
    "filename": "6_20250509_161916_637.pt",
    "table_id": 3,
    "product_type": 2,
    "label": 0
  },
  {
    "filename": "6_20250509_161926_700.pt",
    "table_id": 3,
    "product_type": 2,
    "label": -1
  },
  {
    "filename": "6_20250509_161936_803.pt",
    "table_id": 3,
    "product_type": 2,
    "label": -1
  },
  {
    "filename": "6_20250509_161946_885.pt",
    "table_id": 3,
    "product_type": 2,
    "label": -1
  },
  {
    "filename": "6_20250509_161956_946.pt",
    "table_id": 3,
    "product_type": 2,
    "label": -1
  },
  {
    "filename": "6_20250509_162007_046.pt",
    "table_id": 3,
    "product_type": 2,
    "label": 7
  },
  {
    "filename": "6_20250509_162017_134.pt",
    "table_id": 3,
    "product_type": 2,
    "label": 7
  },
  {
    "filename": "6_20250509_162027_196.pt",
    "table_id": 3,
    "product_type": 2,
    "label": 6
  },
  {
    "filename": "6_20250509_162037_301.pt",
    "table_id": 3,
    "product_type": 2,
    "label": 5
  },
  {
    "filename": "6_20250509_162047_383.pt",
    "table_id": 3,
    "product_type": 2,
    "label": 0
  },
  {
    "filename": "6_20250509_162057_442.pt",
    "table_id": 3,
    "product_type": 2,
    "label": -1
  },
  {
    "filename": "6_20250509_162107_548.pt",
    "table_id": 3,
    "product_type": 2,
    "label": -1
  },
  {
    "filename": "6_20250509_162117_627.pt",
    "table_id": 3,
    "product_type": 2,
    "label": -1
  },
  {
    "filename": "6_20250509_162127_685.pt",
    "table_id": 3,
    "product_type": 2,
    "label": -1
  },
  {
    "filename": "6_20250509_162137_786.pt",
    "table_id": 3,
    "product_type": 2,
    "label": -1
  },
  {
    "filename": "6_20250509_162147_863.pt",
    "table_id": 3,
    "product_type": 2,
    "label": 0
  },
  {
    "filename": "6_20250509_162157_919.pt",
    "table_id": 3,
    "product_type": 2,
    "label": -1
  },
  {
    "filename": "6_20250509_162208_022.pt",
    "table_id": 3,
    "product_type": 2,
    "label": -1
  },
  {
    "filename": "6_20250509_162218_097.pt",
    "table_id": 3,
    "product_type": 2,
    "label": 0
  },
  {
    "filename": "6_20250509_162228_154.pt",
    "table_id": 3,
    "product_type": 2,
    "label": -1
  },
  {
    "filename": "6_20250509_162238_265.pt",
    "table_id": 3,
    "product_type": 2,
    "label": 0
  },
  {
    "filename": "6_20250509_162248_348.pt",
    "table_id": 3,
    "product_type": 2,
    "label": -1
  },
  {
    "filename": "6_20250509_162258_408.pt",
    "table_id": 3,
    "product_type": 2,
    "label": 0
  },
  {
    "filename": "6_20250509_162308_518.pt",
    "table_id": 3,
    "product_type": 2,
    "label": -1
  },
  {
    "filename": "6_20250509_162318_596.pt",
    "table_id": 3,
    "product_type": 2,
    "label": -1
  },
  {
    "filename": "6_20250509_162328_654.pt",
    "table_id": 3,
    "product_type": 2,
    "label": -1
  },
  {
    "filename": "6_20250509_162338_763.pt",
    "table_id": 3,
    "product_type": 2,
    "label": 0
  },
  {
    "filename": "6_20250509_162348_844.pt",
    "table_id": 3,
    "product_type": 2,
    "label": -1
  },
  {
    "filename": "6_20250509_162358_904.pt",
    "table_id": 3,
    "product_type": 2,
    "label": -1
  },
  {
    "filename": "6_20250509_162409_020.pt",
    "table_id": 3,
    "product_type": 2,
    "label": -1
  },
  {
    "filename": "6_20250509_162419_098.pt",
    "table_id": 3,
    "product_type": 2,
    "label": 0
  },
  {
    "filename": "6_20250509_162429_156.pt",
    "table_id": 3,
    "product_type": 2,
    "label": -1
  },
  {
    "filename": "6_20250509_162439_269.pt",
    "table_id": 3,
    "product_type": 2,
    "label": 0
  },
  {
    "filename": "6_20250509_162449_348.pt",
    "table_id": 3,
    "product_type": 2,
    "label": 0
  },
  {
    "filename": "6_20250509_162459_411.pt",
    "table_id": 3,
    "product_type": 2,
    "label": -1
  },
  {
    "filename": "6_20250509_162509_535.pt",
    "table_id": 3,
    "product_type": 2,
    "label": 0
  },
  {
    "filename": "6_20250509_162519_614.pt",
    "table_id": 3,
    "product_type": 2,
    "label": 0
  },
  {
    "filename": "6_20250509_162529_673.pt",
    "table_id": 3,
    "product_type": 2,
    "label": -1
  },
  {
    "filename": "6_20250509_162539_790.pt",
    "table_id": 3,
    "product_type": 2,
    "label": -1
  },
  {
    "filename": "6_20250509_162549_866.pt",
    "table_id": 3,
    "product_type": 2,
    "label": 6
  },
  {
    "filename": "6_20250509_162559_927.pt",
    "table_id": 3,
    "product_type": 2,
    "label": 0
  },
  {
    "filename": "6_20250509_162610_040.pt",
    "table_id": 3,
    "product_type": 2,
    "label": -1
  },
  {
    "filename": "6_20250509_162620_111.pt",
    "table_id": 3,
    "product_type": 2,
    "label": 0
  }
]