[
  {
    "filename": "6_20250509_114100_029.pt",
    "table_id": 3,
    "product_type": 2,
    "label": 8
  },
  {
    "filename": "6_20250509_114110_103.pt",
    "table_id": 3,
    "product_type": 2,
    "label": 0
  },
  {
    "filename": "6_20250509_114120_168.pt",
    "table_id": 3,
    "product_type": 2,
    "label": 0
  },
  {
    "filename": "6_20250509_114130_271.pt",
    "table_id": 3,
    "product_type": 2,
    "label": 0
  },
  {
    "filename": "6_20250509_114140_346.pt",
    "table_id": 3,
    "product_type": 2,
    "label": 0
  },
  {
    "filename": "6_20250509_114150_410.pt",
    "table_id": 3,
    "product_type": 2,
    "label": 8
  },
  {
    "filename": "6_20250509_114200_509.pt",
    "table_id": 3,
    "product_type": 2,
    "label": 8
  },
  {
    "filename": "6_20250509_114210_580.pt",
    "table_id": 3,
    "product_type": 2,
    "label": 0
  },
  {
    "filename": "6_20250509_114220_646.pt",
    "table_id": 3,
    "product_type": 2,
    "label": 8
  },
  {
    "filename": "6_20250509_114230_746.pt",
    "table_id": 3,
    "product_type": 2,
    "label": 0
  },
  {
    "filename": "6_20250509_114240_818.pt",
    "table_id": 3,
    "product_type": 2,
    "label": 0
  },
  {
    "filename": "6_20250509_114250_885.pt",
    "table_id": 3,
    "product_type": 2,
    "label": 4
  },
  {
    "filename": "6_20250509_114300_994.pt",
    "table_id": 3,
    "product_type": 2,
    "label": 6
  },
  {
    "filename": "6_20250509_114311_070.pt",
    "table_id": 3,
    "product_type": 2,
    "label": 8
  },
  {
    "filename": "6_20250509_114321_132.pt",
    "table_id": 3,
    "product_type": 2,
    "label": 0
  },
  {
    "filename": "6_20250509_114331_234.pt",
    "table_id": 3,
    "product_type": 2,
    "label": 0
  },
  {
    "filename": "6_20250509_114341_304.pt",
    "table_id": 3,
    "product_type": 2,
    "label": 0
  },
  {
    "filename": "6_20250509_114351_368.pt",
    "table_id": 3,
    "product_type": 2,
    "label": 8
  },
  {
    "filename": "6_20250509_114401_467.pt",
    "table_id": 3,
    "product_type": 2,
    "label": 0
  },
  {
    "filename": "6_20250509_114411_539.pt",
    "table_id": 3,
    "product_type": 2,
    "label": 8
  },
  {
    "filename": "6_20250509_114421_608.pt",
    "table_id": 3,
    "product_type": 2,
    "label": 0
  },
  {
    "filename": "6_20250509_114431_684.pt",
    "table_id": 3,
    "product_type": 2,
    "label": 0
  },
  {
    "filename": "6_20250509_114441_770.pt",
    "table_id": 3,
    "product_type": 2,
    "label": 8
  },
  {
    "filename": "6_20250509_114451_868.pt",
    "table_id": 3,
    "product_type": 2,
    "label": 0
  },
  {
    "filename": "6_20250509_114501_950.pt",
    "table_id": 3,
    "product_type": 2,
    "label": 0
  },
  {
    "filename": "6_20250509_114512_020.pt",
    "table_id": 3,
    "product_type": 2,
    "label": 7
  },
  {
    "filename": "6_20250509_114522_083.pt",
    "table_id": 3,
    "product_type": 2,
    "label": 7
  },
  {
    "filename": "6_20250509_114532_185.pt",
    "table_id": 3,
    "product_type": 2,
    "label": 8
  },
  {
    "filename": "6_20250509_114542_255.pt",
    "table_id": 3,
    "product_type": 2,
    "label": 6
  },
  {
    "filename": "6_20250509_114552_319.pt",
    "table_id": 3,
    "product_type": 2,
    "label": 2
  },
  {
    "filename": "6_20250509_114602_424.pt",
    "table_id": 3,
    "product_type": 2,
    "label": -1
  },
  {
    "filename": "6_20250509_114612_494.pt",
    "table_id": 3,
    "product_type": 2,
    "label": 0
  },
  {
    "filename": "6_20250509_114622_558.pt",
    "table_id": 3,
    "product_type": 2,
    "label": 8
  },
  {
    "filename": "6_20250509_114632_658.pt",
    "table_id": 3,
    "product_type": 2,
    "label": 0
  },
  {
    "filename": "6_20250509_114642_728.pt",
    "table_id": 3,
    "product_type": 2,
    "label": 0
  },
  {
    "filename": "6_20250509_114652_793.pt",
    "table_id": 3,
    "product_type": 2,
    "label": 0
  },
  {
    "filename": "6_20250509_114702_903.pt",
    "table_id": 3,
    "product_type": 2,
    "label": 8
  },
  {
    "filename": "6_20250509_114712_973.pt",
    "table_id": 3,
    "product_type": 2,
    "label": -1
  },
  {
    "filename": "6_20250509_114723_036.pt",
    "table_id": 3,
    "product_type": 2,
    "label": 8
  },
  {
    "filename": "6_20250509_114733_140.pt",
    "table_id": 3,
    "product_type": 2,
    "label": 8
  },
  {
    "filename": "6_20250509_114743_208.pt",
    "table_id": 3,
    "product_type": 2,
    "label": 7
  },
  {
    "filename": "6_20250509_114753_285.pt",
    "table_id": 3,
    "product_type": 2,
    "label": 0
  },
  {
    "filename": "6_20250509_114803_371.pt",
    "table_id": 3,
    "product_type": 2,
    "label": 0
  },
  {
    "filename": "6_20250509_114813_440.pt",
    "table_id": 3,
    "product_type": 2,
    "label": 0
  },
  {
    "filename": "6_20250509_114823_519.pt",
    "table_id": 3,
    "product_type": 2,
    "label": 0
  },
  {
    "filename": "6_20250509_114833_607.pt",
    "table_id": 3,
    "product_type": 2,
    "label": 8
  },
  {
    "filename": "6_20250509_114843_676.pt",
    "table_id": 3,
    "product_type": 2,
    "label": 0
  },
  {
    "filename": "6_20250509_114853_753.pt",
    "table_id": 3,
    "product_type": 2,
    "label": 0
  },
  {
    "filename": "6_20250509_114903_842.pt",
    "table_id": 3,
    "product_type": 2,
    "label": 8
  },
  {
    "filename": "6_20250509_114913_910.pt",
    "table_id": 3,
    "product_type": 2,
    "label": 0
  },
  {
    "filename": "6_20250509_114923_987.pt",
    "table_id": 3,
    "product_type": 2,
    "label": 0
  },
  {
    "filename": "6_20250509_114934_077.pt",
    "table_id": 3,
    "product_type": 2,
    "label": 8
  },
  {
    "filename": "6_20250509_114944_146.pt",
    "table_id": 3,
    "product_type": 2,
    "label": 0
  },
  {
    "filename": "6_20250509_114954_224.pt",
    "table_id": 3,
    "product_type": 2,
    "label": 0
  },
  {
    "filename": "6_20250509_115004_311.pt",
    "table_id": 3,
    "product_type": 2,
    "label": 0
  },
  {
    "filename": "6_20250509_115014_380.pt",
    "table_id": 3,
    "product_type": 2,
    "label": 8
  },
  {
    "filename": "6_20250509_115024_459.pt",
    "table_id": 3,
    "product_type": 2,
    "label": -1
  },
  {
    "filename": "6_20250509_115034_547.pt",
    "table_id": 3,
    "product_type": 2,
    "label": -1
  },
  {
    "filename": "6_20250509_115044_614.pt",
    "table_id": 3,
    "product_type": 2,
    "label": 0
  },
  {
    "filename": "6_20250509_115054_693.pt",
    "table_id": 3,
    "product_type": 2,
    "label": 0
  },
  {
    "filename": "6_20250509_115104_781.pt",
    "table_id": 3,
    "product_type": 2,
    "label": 5
  },
  {
    "filename": "6_20250509_115114_846.pt",
    "table_id": 3,
    "product_type": 2,
    "label": 0
  },
  {
    "filename": "6_20250509_115124_929.pt",
    "table_id": 3,
    "product_type": 2,
    "label": 0
  },
  {
    "filename": "6_20250509_115135_017.pt",
    "table_id": 3,
    "product_type": 2,
    "label": 0
  },
  {
    "filename": "6_20250509_115145_086.pt",
    "table_id": 3,
    "product_type": 2,
    "label": 8
  },
  {
    "filename": "6_20250509_115155_171.pt",
    "table_id": 3,
    "product_type": 2,
    "label": 0
  },
  {
    "filename": "6_20250509_115205_256.pt",
    "table_id": 3,
    "product_type": 2,
    "label": 0
  },
  {
    "filename": "6_20250509_115215_321.pt",
    "table_id": 3,
    "product_type": 2,
    "label": -1
  },
  {
    "filename": "6_20250509_115225_408.pt",
    "table_id": 3,
    "product_type": 2,
    "label": 0
  },
  {
    "filename": "6_20250509_115235_491.pt",
    "table_id": 3,
    "product_type": 2,
    "label": 0
  },
  {
    "filename": "6_20250509_115245_557.pt",
    "table_id": 3,
    "product_type": 2,
    "label": 8
  },
  {
    "filename": "6_20250509_115255_638.pt",
    "table_id": 3,
    "product_type": 2,
    "label": 8
  },
  {
    "filename": "6_20250509_115305_724.pt",
    "table_id": 3,
    "product_type": 2,
    "label": 6
  },
  {
    "filename": "6_20250509_115315_789.pt",
    "table_id": 3,
    "product_type": 2,
    "label": 8
  },
  {
    "filename": "6_20250509_115325_877.pt",
    "table_id": 3,
    "product_type": 2,
    "label": 0
  },
  {
    "filename": "6_20250509_115335_964.pt",
    "table_id": 3,
    "product_type": 2,
    "label": 8
  },
  {
    "filename": "6_20250509_115346_029.pt",
    "table_id": 3,
    "product_type": 2,
    "label": 0
  },
  {
    "filename": "6_20250509_115356_117.pt",
    "table_id": 3,
    "product_type": 2,
    "label": 0
  },
  {
    "filename": "6_20250509_115406_202.pt",
    "table_id": 3,
    "product_type": 2,
    "label": 8
  },
  {
    "filename": "6_20250509_115416_270.pt",
    "table_id": 3,
    "product_type": 2,
    "label": 0
  },
  {
    "filename": "6_20250509_115426_354.pt",
    "table_id": 3,
    "product_type": 2,
    "label": 0
  },
  {
    "filename": "6_20250509_115436_434.pt",
    "table_id": 3,
    "product_type": 2,
    "label": 0
  },
  {
    "filename": "6_20250509_115446_500.pt",
    "table_id": 3,
    "product_type": 2,
    "label": 0
  },
  {
    "filename": "6_20250509_115456_587.pt",
    "table_id": 3,
    "product_type": 2,
    "label": 8
  },
  {
    "filename": "6_20250509_115506_667.pt",
    "table_id": 3,
    "product_type": 2,
    "label": 0
  },
  {
    "filename": "6_20250509_115516_732.pt",
    "table_id": 3,
    "product_type": 2,
    "label": 0
  },
  {
    "filename": "6_20250509_115526_819.pt",
    "table_id": 3,
    "product_type": 2,
    "label": 5
  },
  {
    "filename": "6_20250509_115536_900.pt",
    "table_id": 3,
    "product_type": 2,
    "label": 7
  },
  {
    "filename": "6_20250509_115546_962.pt",
    "table_id": 3,
    "product_type": 2,
    "label": 0
  },
  {
    "filename": "6_20250509_115557_054.pt",
    "table_id": 3,
    "product_type": 2,
    "label": 8
  },
  {
    "filename": "6_20250509_115607_133.pt",
    "table_id": 3,
    "product_type": 2,
    "label": 6
  },
  {
    "filename": "6_20250509_115617_213.pt",
    "table_id": 3,
    "product_type": 2,
    "label": 5
  },
  {
    "filename": "6_20250509_115627_302.pt",
    "table_id": 3,
    "product_type": 2,
    "label": 8
  },
  {
    "filename": "6_20250509_115637_382.pt",
    "table_id": 3,
    "product_type": 2,
    "label": 0
  },
  {
    "filename": "6_20250509_115647_447.pt",
    "table_id": 3,
    "product_type": 2,
    "label": 8
  },
  {
    "filename": "6_20250509_115657_538.pt",
    "table_id": 3,
    "product_type": 2,
    "label": 0
  },
  {
    "filename": "6_20250509_115707_617.pt",
    "table_id": 3,
    "product_type": 2,
    "label": 8
  },
  {
    "filename": "6_20250509_115717_683.pt",
    "table_id": 3,
    "product_type": 2,
    "label": 7
  },
  {
    "filename": "6_20250509_115727_778.pt",
    "table_id": 3,
    "product_type": 2,
    "label": 0
  },
  {
    "filename": "6_20250509_115737_856.pt",
    "table_id": 3,
    "product_type": 2,
    "label": 0
  }
]