[
  {
    "filename": "6_20250509_164317_894.pt",
    "table_id": 3,
    "product_type": 2,
    "label": -1
  },
  {
    "filename": "6_20250509_164327_953.pt",
    "table_id": 3,
    "product_type": 2,
    "label": -1
  },
  {
    "filename": "6_20250509_164338_051.pt",
    "table_id": 3,
    "product_type": 2,
    "label": -1
  },
  {
    "filename": "6_20250509_164348_133.pt",
    "table_id": 3,
    "product_type": 2,
    "label": -1
  },
  {
    "filename": "6_20250509_164358_192.pt",
    "table_id": 3,
    "product_type": 2,
    "label": -1
  },
  {
    "filename": "6_20250509_164408_297.pt",
    "table_id": 3,
    "product_type": 2,
    "label": 7
  },
  {
    "filename": "6_20250509_164418_382.pt",
    "table_id": 3,
    "product_type": 2,
    "label": 6
  },
  {
    "filename": "6_20250509_164428_443.pt",
    "table_id": 3,
    "product_type": 2,
    "label": 2
  },
  {
    "filename": "6_20250509_164438_555.pt",
    "table_id": 3,
    "product_type": 2,
    "label": -1
  },
  {
    "filename": "6_20250509_164448_638.pt",
    "table_id": 3,
    "product_type": 2,
    "label": -1
  },
  {
    "filename": "6_20250509_164458_699.pt",
    "table_id": 3,
    "product_type": 2,
    "label": 0
  },
  {
    "filename": "6_20250509_164508_810.pt",
    "table_id": 3,
    "product_type": 2,
    "label": -1
  },
  {
    "filename": "6_20250509_164518_893.pt",
    "table_id": 3,
    "product_type": 2,
    "label": 2
  },
  {
    "filename": "6_20250509_164528_951.pt",
    "table_id": 3,
    "product_type": 2,
    "label": -1
  },
  {
    "filename": "6_20250509_164539_057.pt",
    "table_id": 3,
    "product_type": 2,
    "label": -1
  },
  {
    "filename": "6_20250509_164549_138.pt",
    "table_id": 3,
    "product_type": 2,
    "label": 3
  },
  {
    "filename": "6_20250509_164559_199.pt",
    "table_id": 3,
    "product_type": 2,
    "label": 7
  },
  {
    "filename": "6_20250509_164609_316.pt",
    "table_id": 3,
    "product_type": 2,
    "label": 6
  },
  {
    "filename": "6_20250509_164619_399.pt",
    "table_id": 3,
    "product_type": 2,
    "label": -1
  },
  {
    "filename": "6_20250509_164629_457.pt",
    "table_id": 3,
    "product_type": 2,
    "label": -1
  },
  {
    "filename": "6_20250509_164639_566.pt",
    "table_id": 3,
    "product_type": 2,
    "label": 0
  },
  {
    "filename": "6_20250509_164649_645.pt",
    "table_id": 3,
    "product_type": 2,
    "label": -1
  },
  {
    "filename": "6_20250509_164659_701.pt",
    "table_id": 3,
    "product_type": 2,
    "label": -1
  },
  {
    "filename": "6_20250509_164709_805.pt",
    "table_id": 3,
    "product_type": 2,
    "label": -1
  },
  {
    "filename": "6_20250509_164719_885.pt",
    "table_id": 3,
    "product_type": 2,
    "label": -1
  },
  {
    "filename": "6_20250509_164729_943.pt",
    "table_id": 3,
    "product_type": 2,
    "label": -1
  },
  {
    "filename": "6_20250509_164740_054.pt",
    "table_id": 3,
    "product_type": 2,
    "label": -1
  },
  {
    "filename": "6_20250509_164750_133.pt",
    "table_id": 3,
    "product_type": 2,
    "label": 7
  },
  {
    "filename": "6_20250509_164800_190.pt",
    "table_id": 3,
    "product_type": 2,
    "label": 6
  },
  {
    "filename": "6_20250509_164810_302.pt",
    "table_id": 3,
    "product_type": 2,
    "label": 5
  },
  {
    "filename": "6_20250509_164820_379.pt",
    "table_id": 3,
    "product_type": 2,
    "label": -1
  },
  {
    "filename": "6_20250509_164830_437.pt",
    "table_id": 3,
    "product_type": 2,
    "label": -1
  },
  {
    "filename": "6_20250509_164840_544.pt",
    "table_id": 3,
    "product_type": 2,
    "label": -1
  },
  {
    "filename": "6_20250509_164850_620.pt",
    "table_id": 3,
    "product_type": 2,
    "label": 5
  },
  {
    "filename": "6_20250509_164900_677.pt",
    "table_id": 3,
    "product_type": 2,
    "label": 5
  },
  {
    "filename": "6_20250509_164910_796.pt",
    "table_id": 3,
    "product_type": 2,
    "label": -1
  },
  {
    "filename": "6_20250509_164920_875.pt",
    "table_id": 3,
    "product_type": 2,
    "label": -1
  },
  {
    "filename": "6_20250509_164930_937.pt",
    "table_id": 3,
    "product_type": 2,
    "label": 7
  },
  {
    "filename": "6_20250509_164941_046.pt",
    "table_id": 3,
    "product_type": 2,
    "label": 6
  },
  {
    "filename": "6_20250509_164951_125.pt",
    "table_id": 3,
    "product_type": 2,
    "label": -1
  },
  {
    "filename": "6_20250509_165001_185.pt",
    "table_id": 3,
    "product_type": 2,
    "label": 0
  },
  {
    "filename": "6_20250509_165011_302.pt",
    "table_id": 3,
    "product_type": 2,
    "label": -1
  },
  {
    "filename": "6_20250509_165021_378.pt",
    "table_id": 3,
    "product_type": 2,
    "label": 0
  },
  {
    "filename": "6_20250509_165031_436.pt",
    "table_id": 3,
    "product_type": 2,
    "label": -1
  },
  {
    "filename": "6_20250509_165041_551.pt",
    "table_id": 3,
    "product_type": 2,
    "label": 5
  },
  {
    "filename": "6_20250509_165051_623.pt",
    "table_id": 3,
    "product_type": 2,
    "label": -1
  },
  {
    "filename": "6_20250509_165101_678.pt",
    "table_id": 3,
    "product_type": 2,
    "label": -1
  },
  {
    "filename": "6_20250509_165111_793.pt",
    "table_id": 3,
    "product_type": 2,
    "label": -1
  },
  {
    "filename": "6_20250509_165121_868.pt",
    "table_id": 3,
    "product_type": 2,
    "label": -1
  },
  {
    "filename": "6_20250509_165131_925.pt",
    "table_id": 3,
    "product_type": 2,
    "label": 0
  },
  {
    "filename": "6_20250509_165142_039.pt",
    "table_id": 3,
    "product_type": 2,
    "label": -1
  },
  {
    "filename": "6_20250509_165152_111.pt",
    "table_id": 3,
    "product_type": 2,
    "label": 5
  },
  {
    "filename": "6_20250509_165202_164.pt",
    "table_id": 3,
    "product_type": 2,
    "label": -1
  },
  {
    "filename": "6_20250509_165212_282.pt",
    "table_id": 3,
    "product_type": 2,
    "label": -1
  },
  {
    "filename": "6_20250509_165222_355.pt",
    "table_id": 3,
    "product_type": 2,
    "label": -1
  },
  {
    "filename": "6_20250509_165232_410.pt",
    "table_id": 3,
    "product_type": 2,
    "label": -1
  },
  {
    "filename": "6_20250509_165242_525.pt",
    "table_id": 3,
    "product_type": 2,
    "label": -1
  },
  {
    "filename": "6_20250509_165252_594.pt",
    "table_id": 3,
    "product_type": 2,
    "label": -1
  },
  {
    "filename": "6_20250509_165302_648.pt",
    "table_id": 3,
    "product_type": 2,
    "label": -1
  },
  {
    "filename": "6_20250509_165312_772.pt",
    "table_id": 3,
    "product_type": 2,
    "label": -1
  },
  {
    "filename": "6_20250509_165322_842.pt",
    "table_id": 3,
    "product_type": 2,
    "label": -1
  },
  {
    "filename": "6_20250509_165332_896.pt",
    "table_id": 3,
    "product_type": 2,
    "label": -1
  },
  {
    "filename": "6_20250509_165343_009.pt",
    "table_id": 3,
    "product_type": 2,
    "label": -1
  },
  {
    "filename": "6_20250509_165353_078.pt",
    "table_id": 3,
    "product_type": 2,
    "label": -1
  },
  {
    "filename": "6_20250509_165403_131.pt",
    "table_id": 3,
    "product_type": 2,
    "label": -1
  },
  {
    "filename": "6_20250509_165413_260.pt",
    "table_id": 3,
    "product_type": 2,
    "label": 8
  },
  {
    "filename": "6_20250509_165423_323.pt",
    "table_id": 3,
    "product_type": 2,
    "label": 8
  },
  {
    "filename": "6_20250509_165433_377.pt",
    "table_id": 3,
    "product_type": 2,
    "label": 8
  },
  {
    "filename": "6_20250509_165443_499.pt",
    "table_id": 3,
    "product_type": 2,
    "label": 8
  },
  {
    "filename": "6_20250509_165453_568.pt",
    "table_id": 3,
    "product_type": 2,
    "label": 0
  },
  {
    "filename": "6_20250509_165503_622.pt",
    "table_id": 3,
    "product_type": 2,
    "label": -1
  },
  {
    "filename": "6_20250509_165513_746.pt",
    "table_id": 3,
    "product_type": 2,
    "label": -1
  },
  {
    "filename": "6_20250509_165523_815.pt",
    "table_id": 3,
    "product_type": 2,
    "label": -1
  },
  {
    "filename": "6_20250509_165533_869.pt",
    "table_id": 3,
    "product_type": 2,
    "label": -1
  },
  {
    "filename": "6_20250509_165543_988.pt",
    "table_id": 3,
    "product_type": 2,
    "label": -1
  },
  {
    "filename": "6_20250509_165554_056.pt",
    "table_id": 3,
    "product_type": 2,
    "label": -1
  },
  {
    "filename": "6_20250509_165604_112.pt",
    "table_id": 3,
    "product_type": 2,
    "label": -1
  },
  {
    "filename": "6_20250512_080018_431.pt",
    "table_id": 3,
    "product_type": 2,
    "label": -1
  },
  {
    "filename": "6_20250512_080028_492.pt",
    "table_id": 3,
    "product_type": 2,
    "label": -1
  },
  {
    "filename": "6_20250512_080038_557.pt",
    "table_id": 3,
    "product_type": 2,
    "label": -1
  },
  {
    "filename": "6_20250512_080048_651.pt",
    "table_id": 3,
    "product_type": 2,
    "label": -1
  },
  {
    "filename": "6_20250512_080058_740.pt",
    "table_id": 3,
    "product_type": 2,
    "label": -1
  },
  {
    "filename": "6_20250512_080108_814.pt",
    "table_id": 3,
    "product_type": 2,
    "label": -1
  },
  {
    "filename": "6_20250512_080118_908.pt",
    "table_id": 3,
    "product_type": 2,
    "label": -1
  },
  {
    "filename": "6_20250512_080128_997.pt",
    "table_id": 3,
    "product_type": 2,
    "label": -1
  },
  {
    "filename": "6_20250512_080139_069.pt",
    "table_id": 3,
    "product_type": 2,
    "label": -1
  },
  {
    "filename": "6_20250512_080149_166.pt",
    "table_id": 3,
    "product_type": 2,
    "label": -1
  },
  {
    "filename": "6_20250512_080159_248.pt",
    "table_id": 3,
    "product_type": 2,
    "label": -1
  },
  {
    "filename": "6_20250512_080209_311.pt",
    "table_id": 3,
    "product_type": 2,
    "label": -1
  },
  {
    "filename": "6_20250512_080219_406.pt",
    "table_id": 3,
    "product_type": 2,
    "label": -1
  },
  {
    "filename": "6_20250512_080229_485.pt",
    "table_id": 3,
    "product_type": 2,
    "label": -1
  },
  {
    "filename": "6_20250512_080239_555.pt",
    "table_id": 3,
    "product_type": 2,
    "label": -1
  },
  {
    "filename": "6_20250512_080249_654.pt",
    "table_id": 3,
    "product_type": 2,
    "label": -1
  },
  {
    "filename": "6_20250512_080259_736.pt",
    "table_id": 3,
    "product_type": 2,
    "label": -1
  },
  {
    "filename": "6_20250512_080309_807.pt",
    "table_id": 3,
    "product_type": 2,
    "label": -1
  },
  {
    "filename": "6_20250512_080319_909.pt",
    "table_id": 3,
    "product_type": 2,
    "label": -1
  },
  {
    "filename": "6_20250512_080329_998.pt",
    "table_id": 3,
    "product_type": 2,
    "label": -1
  },
  {
    "filename": "6_20250512_080340_072.pt",
    "table_id": 3,
    "product_type": 2,
    "label": -1
  },
  {
    "filename": "6_20250512_080350_172.pt",
    "table_id": 3,
    "product_type": 2,
    "label": -1
  },
  {
    "filename": "6_20250512_080400_255.pt",
    "table_id": 3,
    "product_type": 2,
    "label": -1
  }
]