[
  {
    "filename": "216_20250430_141537_500.pt",
    "table_id": 5,
    "product_type": 1,
    "label": 0
  },
  {
    "filename": "216_20250430_141547_558.pt",
    "table_id": 5,
    "product_type": 1,
    "label": 0
  },
  {
    "filename": "216_20250430_141557_554.pt",
    "table_id": 5,
    "product_type": 1,
    "label": 0
  },
  {
    "filename": "216_20250430_141607_584.pt",
    "table_id": 5,
    "product_type": 1,
    "label": 2
  },
  {
    "filename": "216_20250430_141617_633.pt",
    "table_id": 5,
    "product_type": 1,
    "label": 0
  },
  {
    "filename": "216_20250430_141627_625.pt",
    "table_id": 5,
    "product_type": 1,
    "label": 0
  },
  {
    "filename": "216_20250430_141637_657.pt",
    "table_id": 5,
    "product_type": 1,
    "label": 0
  },
  {
    "filename": "216_20250430_141647_708.pt",
    "table_id": 5,
    "product_type": 1,
    "label": 0
  },
  {
    "filename": "216_20250430_141657_684.pt",
    "table_id": 5,
    "product_type": 1,
    "label": 0
  },
  {
    "filename": "216_20250430_141707_707.pt",
    "table_id": 5,
    "product_type": 1,
    "label": 0
  },
  {
    "filename": "216_20250430_141717_757.pt",
    "table_id": 5,
    "product_type": 1,
    "label": 0
  },
  {
    "filename": "216_20250430_141727_763.pt",
    "table_id": 5,
    "product_type": 1,
    "label": 2
  },
  {
    "filename": "216_20250430_141737_788.pt",
    "table_id": 5,
    "product_type": 1,
    "label": 8
  },
  {
    "filename": "216_20250430_141747_834.pt",
    "table_id": 5,
    "product_type": 1,
    "label": 0
  },
  {
    "filename": "216_20250430_141757_847.pt",
    "table_id": 5,
    "product_type": 1,
    "label": 6
  },
  {
    "filename": "216_20250430_141807_877.pt",
    "table_id": 5,
    "product_type": 1,
    "label": 8
  },
  {
    "filename": "216_20250430_141817_857.pt",
    "table_id": 5,
    "product_type": 1,
    "label": 8
  },
  {
    "filename": "216_20250430_141827_898.pt",
    "table_id": 5,
    "product_type": 1,
    "label": 8
  },
  {
    "filename": "216_20250430_141837_923.pt",
    "table_id": 5,
    "product_type": 1,
    "label": 8
  },
  {
    "filename": "216_20250430_141847_932.pt",
    "table_id": 5,
    "product_type": 1,
    "label": 8
  },
  {
    "filename": "216_20250430_141857_970.pt",
    "table_id": 5,
    "product_type": 1,
    "label": 8
  },
  {
    "filename": "216_20250430_141907_997.pt",
    "table_id": 5,
    "product_type": 1,
    "label": 8
  },
  {
    "filename": "216_20250430_141918_005.pt",
    "table_id": 5,
    "product_type": 1,
    "label": 8
  },
  {
    "filename": "216_20250430_141928_045.pt",
    "table_id": 5,
    "product_type": 1,
    "label": 8
  },
  {
    "filename": "216_20250430_141938_084.pt",
    "table_id": 5,
    "product_type": 1,
    "label": 0
  },
  {
    "filename": "216_20250430_141948_089.pt",
    "table_id": 5,
    "product_type": 1,
    "label": 1
  },
  {
    "filename": "216_20250430_141958_138.pt",
    "table_id": 5,
    "product_type": 1,
    "label": 8
  },
  {
    "filename": "216_20250430_142008_179.pt",
    "table_id": 5,
    "product_type": 1,
    "label": 0
  },
  {
    "filename": "216_20250430_142018_174.pt",
    "table_id": 5,
    "product_type": 1,
    "label": 0
  },
  {
    "filename": "216_20250430_142028_228.pt",
    "table_id": 5,
    "product_type": 1,
    "label": 8
  },
  {
    "filename": "216_20250430_142038_264.pt",
    "table_id": 5,
    "product_type": 1,
    "label": 8
  },
  {
    "filename": "216_20250430_142048_243.pt",
    "table_id": 5,
    "product_type": 1,
    "label": 8
  },
  {
    "filename": "216_20250430_142058_286.pt",
    "table_id": 5,
    "product_type": 1,
    "label": 1
  },
  {
    "filename": "216_20250430_142108_316.pt",
    "table_id": 5,
    "product_type": 1,
    "label": 8
  },
  {
    "filename": "216_20250430_142118_313.pt",
    "table_id": 5,
    "product_type": 1,
    "label": 6
  },
  {
    "filename": "216_20250430_142128_366.pt",
    "table_id": 5,
    "product_type": 1,
    "label": 8
  },
  {
    "filename": "216_20250430_142138_399.pt",
    "table_id": 5,
    "product_type": 1,
    "label": 8
  },
  {
    "filename": "216_20250430_142148_384.pt",
    "table_id": 5,
    "product_type": 1,
    "label": 8
  },
  {
    "filename": "216_20250430_142158_441.pt",
    "table_id": 5,
    "product_type": 1,
    "label": 8
  },
  {
    "filename": "216_20250430_142208_477.pt",
    "table_id": 5,
    "product_type": 1,
    "label": 8
  },
  {
    "filename": "216_20250430_142218_458.pt",
    "table_id": 5,
    "product_type": 1,
    "label": 8
  },
  {
    "filename": "216_20250430_142228_515.pt",
    "table_id": 5,
    "product_type": 1,
    "label": 2
  },
  {
    "filename": "216_20250430_142238_554.pt",
    "table_id": 5,
    "product_type": 1,
    "label": 2
  },
  {
    "filename": "216_20250430_142248_536.pt",
    "table_id": 5,
    "product_type": 1,
    "label": 0
  },
  {
    "filename": "216_20250430_142258_590.pt",
    "table_id": 5,
    "product_type": 1,
    "label": 8
  },
  {
    "filename": "216_20250430_142308_626.pt",
    "table_id": 5,
    "product_type": 1,
    "label": 0
  },
  {
    "filename": "216_20250430_142318_605.pt",
    "table_id": 5,
    "product_type": 1,
    "label": 0
  },
  {
    "filename": "216_20250430_142328_662.pt",
    "table_id": 5,
    "product_type": 1,
    "label": 0
  },
  {
    "filename": "216_20250430_142338_701.pt",
    "table_id": 5,
    "product_type": 1,
    "label": 0
  },
  {
    "filename": "216_20250430_142348_679.pt",
    "table_id": 5,
    "product_type": 1,
    "label": 1
  },
  {
    "filename": "216_20250430_142358_717.pt",
    "table_id": 5,
    "product_type": 1,
    "label": 0
  },
  {
    "filename": "216_20250430_142408_757.pt",
    "table_id": 5,
    "product_type": 1,
    "label": 0
  },
  {
    "filename": "216_20250430_142418_752.pt",
    "table_id": 5,
    "product_type": 1,
    "label": 8
  },
  {
    "filename": "216_20250430_142428_809.pt",
    "table_id": 5,
    "product_type": 1,
    "label": -1
  },
  {
    "filename": "216_20250430_142438_848.pt",
    "table_id": 5,
    "product_type": 1,
    "label": 0
  },
  {
    "filename": "216_20250430_142448_831.pt",
    "table_id": 5,
    "product_type": 1,
    "label": 0
  },
  {
    "filename": "216_20250430_142458_890.pt",
    "table_id": 5,
    "product_type": 1,
    "label": 0
  },
  {
    "filename": "216_20250430_142508_931.pt",
    "table_id": 5,
    "product_type": 1,
    "label": 0
  },
  {
    "filename": "216_20250430_142518_916.pt",
    "table_id": 5,
    "product_type": 1,
    "label": 0
  },
  {
    "filename": "216_20250430_142528_966.pt",
    "table_id": 5,
    "product_type": 1,
    "label": 0
  },
  {
    "filename": "216_20250430_142538_999.pt",
    "table_id": 5,
    "product_type": 1,
    "label": 6
  },
  {
    "filename": "216_20250430_142548_985.pt",
    "table_id": 5,
    "product_type": 1,
    "label": 0
  },
  {
    "filename": "216_20250430_142559_039.pt",
    "table_id": 5,
    "product_type": 1,
    "label": 0
  },
  {
    "filename": "216_20250430_142609_076.pt",
    "table_id": 5,
    "product_type": 1,
    "label": 1
  },
  {
    "filename": "216_20250430_142619_056.pt",
    "table_id": 5,
    "product_type": 1,
    "label": 0
  },
  {
    "filename": "216_20250430_142629_120.pt",
    "table_id": 5,
    "product_type": 1,
    "label": 0
  },
  {
    "filename": "216_20250430_142639_156.pt",
    "table_id": 5,
    "product_type": 1,
    "label": 2
  },
  {
    "filename": "216_20250430_142649_124.pt",
    "table_id": 5,
    "product_type": 1,
    "label": 8
  },
  {
    "filename": "216_20250430_142659_187.pt",
    "table_id": 5,
    "product_type": 1,
    "label": 8
  },
  {
    "filename": "216_20250430_142709_227.pt",
    "table_id": 5,
    "product_type": 1,
    "label": 8
  },
  {
    "filename": "216_20250430_142719_184.pt",
    "table_id": 5,
    "product_type": 1,
    "label": 0
  },
  {
    "filename": "216_20250430_142729_257.pt",
    "table_id": 5,
    "product_type": 1,
    "label": 8
  },
  {
    "filename": "216_20250430_142739_297.pt",
    "table_id": 5,
    "product_type": 1,
    "label": 0
  },
  {
    "filename": "216_20250430_142749_254.pt",
    "table_id": 5,
    "product_type": 1,
    "label": 8
  },
  {
    "filename": "216_20250430_142759_331.pt",
    "table_id": 5,
    "product_type": 1,
    "label": 6
  },
  {
    "filename": "216_20250430_142809_384.pt",
    "table_id": 5,
    "product_type": 1,
    "label": 0
  },
  {
    "filename": "216_20250430_142819_343.pt",
    "table_id": 5,
    "product_type": 1,
    "label": 8
  },
  {
    "filename": "216_20250430_142829_416.pt",
    "table_id": 5,
    "product_type": 1,
    "label": 1
  },
  {
    "filename": "216_20250430_142839_457.pt",
    "table_id": 5,
    "product_type": 1,
    "label": 0
  },
  {
    "filename": "216_20250430_142849_411.pt",
    "table_id": 5,
    "product_type": 1,
    "label": 0
  },
  {
    "filename": "216_20250430_142859_488.pt",
    "table_id": 5,
    "product_type": 1,
    "label": 6
  },
  {
    "filename": "216_20250430_142909_531.pt",
    "table_id": 5,
    "product_type": 1,
    "label": 0
  },
  {
    "filename": "216_20250430_142919_486.pt",
    "table_id": 5,
    "product_type": 1,
    "label": 8
  },
  {
    "filename": "216_20250430_142929_562.pt",
    "table_id": 5,
    "product_type": 1,
    "label": 1
  },
  {
    "filename": "216_20250430_142939_601.pt",
    "table_id": 5,
    "product_type": 1,
    "label": 0
  },
  {
    "filename": "216_20250430_142949_635.pt",
    "table_id": 5,
    "product_type": 1,
    "label": 0
  },
  {
    "filename": "216_20250430_142959_711.pt",
    "table_id": 5,
    "product_type": 1,
    "label": 6
  },
  {
    "filename": "216_20250430_143009_752.pt",
    "table_id": 5,
    "product_type": 1,
    "label": 1
  },
  {
    "filename": "216_20250430_143019_704.pt",
    "table_id": 5,
    "product_type": 1,
    "label": 0
  },
  {
    "filename": "216_20250430_143029_783.pt",
    "table_id": 5,
    "product_type": 1,
    "label": 1
  },
  {
    "filename": "216_20250430_143039_826.pt",
    "table_id": 5,
    "product_type": 1,
    "label": 0
  },
  {
    "filename": "216_20250430_143049_859.pt",
    "table_id": 5,
    "product_type": 1,
    "label": 1
  },
  {
    "filename": "216_20250430_143059_935.pt",
    "table_id": 5,
    "product_type": 1,
    "label": 0
  },
  {
    "filename": "216_20250430_143109_976.pt",
    "table_id": 5,
    "product_type": 1,
    "label": 0
  },
  {
    "filename": "216_20250430_143120_006.pt",
    "table_id": 5,
    "product_type": 1,
    "label": 0
  },
  {
    "filename": "216_20250430_143130_085.pt",
    "table_id": 5,
    "product_type": 1,
    "label": 1
  },
  {
    "filename": "216_20250430_143140_127.pt",
    "table_id": 5,
    "product_type": 1,
    "label": 0
  },
  {
    "filename": "216_20250430_143150_157.pt",
    "table_id": 5,
    "product_type": 1,
    "label": 0
  },
  {
    "filename": "216_20250430_143200_241.pt",
    "table_id": 5,
    "product_type": 1,
    "label": 0
  },
  {
    "filename": "216_20250430_143210_282.pt",
    "table_id": 5,
    "product_type": 1,
    "label": 6
  }
]