[
  {
    "filename": "216_20250516_104437_705.pt",
    "table_id": 5,
    "product_type": 1,
    "label": -1
  },
  {
    "filename": "216_20250516_104447_788.pt",
    "table_id": 5,
    "product_type": 1,
    "label": -1
  },
  {
    "filename": "216_20250516_104457_867.pt",
    "table_id": 5,
    "product_type": 1,
    "label": -1
  },
  {
    "filename": "216_20250516_104507_952.pt",
    "table_id": 5,
    "product_type": 1,
    "label": -1
  },
  {
    "filename": "216_20250516_104518_034.pt",
    "table_id": 5,
    "product_type": 1,
    "label": -1
  },
  {
    "filename": "216_20250516_104528_117.pt",
    "table_id": 5,
    "product_type": 1,
    "label": -1
  },
  {
    "filename": "216_20250516_104538_204.pt",
    "table_id": 5,
    "product_type": 1,
    "label": -1
  },
  {
    "filename": "216_20250516_104548_290.pt",
    "table_id": 5,
    "product_type": 1,
    "label": -1
  },
  {
    "filename": "216_20250516_104558_371.pt",
    "table_id": 5,
    "product_type": 1,
    "label": -1
  },
  {
    "filename": "216_20250516_104608_452.pt",
    "table_id": 5,
    "product_type": 1,
    "label": -1
  },
  {
    "filename": "216_20250516_104618_534.pt",
    "table_id": 5,
    "product_type": 1,
    "label": -1
  },
  {
    "filename": "216_20250516_104628_618.pt",
    "table_id": 5,
    "product_type": 1,
    "label": -1
  },
  {
    "filename": "216_20250516_104638_702.pt",
    "table_id": 5,
    "product_type": 1,
    "label": -1
  },
  {
    "filename": "216_20250516_104648_787.pt",
    "table_id": 5,
    "product_type": 1,
    "label": -1
  },
  {
    "filename": "216_20250516_104658_873.pt",
    "table_id": 5,
    "product_type": 1,
    "label": -1
  },
  {
    "filename": "216_20250516_104708_956.pt",
    "table_id": 5,
    "product_type": 1,
    "label": -1
  },
  {
    "filename": "216_20250516_104719_041.pt",
    "table_id": 5,
    "product_type": 1,
    "label": -1
  },
  {
    "filename": "216_20250516_104729_124.pt",
    "table_id": 5,
    "product_type": 1,
    "label": -1
  },
  {
    "filename": "216_20250516_104739_204.pt",
    "table_id": 5,
    "product_type": 1,
    "label": -1
  },
  {
    "filename": "216_20250516_104749_286.pt",
    "table_id": 5,
    "product_type": 1,
    "label": 8
  },
  {
    "filename": "216_20250516_104759_370.pt",
    "table_id": 5,
    "product_type": 1,
    "label": 5
  },
  {
    "filename": "216_20250516_104809_450.pt",
    "table_id": 5,
    "product_type": 1,
    "label": 5
  },
  {
    "filename": "216_20250516_104819_537.pt",
    "table_id": 5,
    "product_type": 1,
    "label": -1
  },
  {
    "filename": "216_20250516_104829_618.pt",
    "table_id": 5,
    "product_type": 1,
    "label": -1
  },
  {
    "filename": "216_20250516_104839_702.pt",
    "table_id": 5,
    "product_type": 1,
    "label": -1
  },
  {
    "filename": "216_20250516_104849_715.pt",
    "table_id": 5,
    "product_type": 1,
    "label": -1
  },
  {
    "filename": "216_20250516_104900_842.pt",
    "table_id": 5,
    "product_type": 1,
    "label": -1
  },
  {
    "filename": "216_20250516_164815_920.pt",
    "table_id": 5,
    "product_type": 1,
    "label": 0
  },
  {
    "filename": "216_20250516_164850_356.pt",
    "table_id": 5,
    "product_type": 1,
    "label": 1
  },
  {
    "filename": "216_20250516_164900_430.pt",
    "table_id": 5,
    "product_type": 1,
    "label": 1
  },
  {
    "filename": "216_20250516_164910_514.pt",
    "table_id": 5,
    "product_type": 1,
    "label": 0
  },
  {
    "filename": "216_20250516_164920_586.pt",
    "table_id": 5,
    "product_type": 1,
    "label": 1
  },
  {
    "filename": "216_20250516_164930_661.pt",
    "table_id": 5,
    "product_type": 1,
    "label": 0
  },
  {
    "filename": "216_20250516_164940_735.pt",
    "table_id": 5,
    "product_type": 1,
    "label": 0
  },
  {
    "filename": "216_20250516_164950_817.pt",
    "table_id": 5,
    "product_type": 1,
    "label": 0
  },
  {
    "filename": "216_20250516_165000_902.pt",
    "table_id": 5,
    "product_type": 1,
    "label": 0
  },
  {
    "filename": "216_20250516_165010_985.pt",
    "table_id": 5,
    "product_type": 1,
    "label": 0
  },
  {
    "filename": "216_20250516_165021_061.pt",
    "table_id": 5,
    "product_type": 1,
    "label": 0
  },
  {
    "filename": "216_20250516_165031_137.pt",
    "table_id": 5,
    "product_type": 1,
    "label": 0
  },
  {
    "filename": "216_20250516_165041_217.pt",
    "table_id": 5,
    "product_type": 1,
    "label": 6
  },
  {
    "filename": "216_20250516_165051_291.pt",
    "table_id": 5,
    "product_type": 1,
    "label": 1
  },
  {
    "filename": "216_20250516_165101_371.pt",
    "table_id": 5,
    "product_type": 1,
    "label": 1
  },
  {
    "filename": "216_20250516_165111_451.pt",
    "table_id": 5,
    "product_type": 1,
    "label": 6
  },
  {
    "filename": "216_20250516_165121_531.pt",
    "table_id": 5,
    "product_type": 1,
    "label": 5
  },
  {
    "filename": "216_20250516_165131_615.pt",
    "table_id": 5,
    "product_type": 1,
    "label": 2
  },
  {
    "filename": "216_20250516_165141_695.pt",
    "table_id": 5,
    "product_type": 1,
    "label": 0
  },
  {
    "filename": "216_20250516_165151_772.pt",
    "table_id": 5,
    "product_type": 1,
    "label": 1
  },
  {
    "filename": "216_20250516_165201_853.pt",
    "table_id": 5,
    "product_type": 1,
    "label": 2
  },
  {
    "filename": "216_20250516_165211_931.pt",
    "table_id": 5,
    "product_type": 1,
    "label": 2
  },
  {
    "filename": "216_20250516_165222_011.pt",
    "table_id": 5,
    "product_type": 1,
    "label": 0
  },
  {
    "filename": "216_20250516_165232_090.pt",
    "table_id": 5,
    "product_type": 1,
    "label": 0
  },
  {
    "filename": "216_20250516_165242_171.pt",
    "table_id": 5,
    "product_type": 1,
    "label": 0
  },
  {
    "filename": "216_20250516_165252_254.pt",
    "table_id": 5,
    "product_type": 1,
    "label": 1
  },
  {
    "filename": "216_20250516_165302_336.pt",
    "table_id": 5,
    "product_type": 1,
    "label": 1
  },
  {
    "filename": "216_20250516_165312_415.pt",
    "table_id": 5,
    "product_type": 1,
    "label": 0
  },
  {
    "filename": "216_20250516_165322_491.pt",
    "table_id": 5,
    "product_type": 1,
    "label": 1
  },
  {
    "filename": "216_20250516_165332_573.pt",
    "table_id": 5,
    "product_type": 1,
    "label": -1
  },
  {
    "filename": "216_20250516_165342_653.pt",
    "table_id": 5,
    "product_type": 1,
    "label": -1
  },
  {
    "filename": "216_20250516_165352_729.pt",
    "table_id": 5,
    "product_type": 1,
    "label": -1
  },
  {
    "filename": "216_20250516_165402_809.pt",
    "table_id": 5,
    "product_type": 1,
    "label": -1
  },
  {
    "filename": "216_20250516_165412_885.pt",
    "table_id": 5,
    "product_type": 1,
    "label": -1
  },
  {
    "filename": "216_20250516_165422_960.pt",
    "table_id": 5,
    "product_type": 1,
    "label": -1
  },
  {
    "filename": "216_20250516_165433_044.pt",
    "table_id": 5,
    "product_type": 1,
    "label": -1
  },
  {
    "filename": "216_20250516_165443_121.pt",
    "table_id": 5,
    "product_type": 1,
    "label": -1
  },
  {
    "filename": "216_20250516_165453_194.pt",
    "table_id": 5,
    "product_type": 1,
    "label": -1
  },
  {
    "filename": "216_20250516_165505_334.pt",
    "table_id": 5,
    "product_type": 1,
    "label": -1
  },
  {
    "filename": "216_20250519_102724_688.pt",
    "table_id": 5,
    "product_type": 1,
    "label": -1
  },
  {
    "filename": "216_20250519_102734_767.pt",
    "table_id": 5,
    "product_type": 1,
    "label": -1
  },
  {
    "filename": "216_20250519_102744_846.pt",
    "table_id": 5,
    "product_type": 1,
    "label": -1
  },
  {
    "filename": "216_20250519_102754_923.pt",
    "table_id": 5,
    "product_type": 1,
    "label": -1
  },
  {
    "filename": "216_20250519_102805_006.pt",
    "table_id": 5,
    "product_type": 1,
    "label": 5
  },
  {
    "filename": "216_20250519_102815_082.pt",
    "table_id": 5,
    "product_type": 1,
    "label": -1
  },
  {
    "filename": "216_20250519_102825_162.pt",
    "table_id": 5,
    "product_type": 1,
    "label": -1
  },
  {
    "filename": "216_20250519_102835_242.pt",
    "table_id": 5,
    "product_type": 1,
    "label": -1
  },
  {
    "filename": "216_20250519_102845_316.pt",
    "table_id": 5,
    "product_type": 1,
    "label": -1
  },
  {
    "filename": "216_20250519_102855_397.pt",
    "table_id": 5,
    "product_type": 1,
    "label": -1
  },
  {
    "filename": "216_20250519_102905_480.pt",
    "table_id": 5,
    "product_type": 1,
    "label": -1
  },
  {
    "filename": "216_20250519_102915_559.pt",
    "table_id": 5,
    "product_type": 1,
    "label": -1
  },
  {
    "filename": "216_20250519_102925_637.pt",
    "table_id": 5,
    "product_type": 1,
    "label": -1
  },
  {
    "filename": "216_20250519_102935_717.pt",
    "table_id": 5,
    "product_type": 1,
    "label": -1
  },
  {
    "filename": "216_20250519_102945_796.pt",
    "table_id": 5,
    "product_type": 1,
    "label": 5
  },
  {
    "filename": "216_20250519_102955_873.pt",
    "table_id": 5,
    "product_type": 1,
    "label": -1
  },
  {
    "filename": "216_20250519_103005_950.pt",
    "table_id": 5,
    "product_type": 1,
    "label": -1
  },
  {
    "filename": "216_20250519_103016_026.pt",
    "table_id": 5,
    "product_type": 1,
    "label": -1
  },
  {
    "filename": "216_20250519_103026_106.pt",
    "table_id": 5,
    "product_type": 1,
    "label": -1
  },
  {
    "filename": "216_20250519_103036_184.pt",
    "table_id": 5,
    "product_type": 1,
    "label": -1
  },
  {
    "filename": "216_20250519_103046_262.pt",
    "table_id": 5,
    "product_type": 1,
    "label": -1
  },
  {
    "filename": "216_20250519_103056_341.pt",
    "table_id": 5,
    "product_type": 1,
    "label": -1
  },
  {
    "filename": "216_20250519_103106_414.pt",
    "table_id": 5,
    "product_type": 1,
    "label": -1
  },
  {
    "filename": "216_20250519_103116_492.pt",
    "table_id": 5,
    "product_type": 1,
    "label": -1
  },
  {
    "filename": "216_20250519_103126_569.pt",
    "table_id": 5,
    "product_type": 1,
    "label": -1
  },
  {
    "filename": "216_20250519_103136_647.pt",
    "table_id": 5,
    "product_type": 1,
    "label": -1
  },
  {
    "filename": "216_20250519_103146_722.pt",
    "table_id": 5,
    "product_type": 1,
    "label": -1
  },
  {
    "filename": "216_20250519_103156_832.pt",
    "table_id": 5,
    "product_type": 1,
    "label": -1
  },
  {
    "filename": "216_20250519_103206_888.pt",
    "table_id": 5,
    "product_type": 1,
    "label": -1
  },
  {
    "filename": "216_20250519_103216_971.pt",
    "table_id": 5,
    "product_type": 1,
    "label": -1
  },
  {
    "filename": "216_20250519_103227_049.pt",
    "table_id": 5,
    "product_type": 1,
    "label": -1
  },
  {
    "filename": "216_20250519_103237_124.pt",
    "table_id": 5,
    "product_type": 1,
    "label": -1
  },
  {
    "filename": "216_20250519_103247_203.pt",
    "table_id": 5,
    "product_type": 1,
    "label": -1
  },
  {
    "filename": "216_20250519_103257_279.pt",
    "table_id": 5,
    "product_type": 1,
    "label": -1
  }
]