[
  {
    "filename": "216_20250425_153556_402.pt",
    "table_id": 3,
    "product_type": 1,
    "label": -1
  },
  {
    "filename": "216_20250425_153606_490.pt",
    "table_id": 3,
    "product_type": 1,
    "label": -1
  },
  {
    "filename": "216_20250425_153616_574.pt",
    "table_id": 3,
    "product_type": 1,
    "label": -1
  },
  {
    "filename": "216_20250425_153626_636.pt",
    "table_id": 3,
    "product_type": 1,
    "label": -1
  },
  {
    "filename": "216_20250425_153636_719.pt",
    "table_id": 3,
    "product_type": 1,
    "label": -1
  },
  {
    "filename": "216_20250425_153646_802.pt",
    "table_id": 3,
    "product_type": 1,
    "label": -1
  },
  {
    "filename": "216_20250425_153656_862.pt",
    "table_id": 3,
    "product_type": 1,
    "label": -1
  },
  {
    "filename": "216_20250425_153706_943.pt",
    "table_id": 3,
    "product_type": 1,
    "label": -1
  },
  {
    "filename": "216_20250425_153717_003.pt",
    "table_id": 3,
    "product_type": 1,
    "label": -1
  },
  {
    "filename": "216_20250425_153727_069.pt",
    "table_id": 3,
    "product_type": 1,
    "label": -1
  },
  {
    "filename": "216_20250425_153737_195.pt",
    "table_id": 3,
    "product_type": 1,
    "label": -1
  },
  {
    "filename": "216_20250425_153747_212.pt",
    "table_id": 3,
    "product_type": 1,
    "label": -1
  },
  {
    "filename": "216_20250425_153757_281.pt",
    "table_id": 3,
    "product_type": 1,
    "label": -1
  },
  {
    "filename": "216_20250425_153807_276.pt",
    "table_id": 3,
    "product_type": 1,
    "label": -1
  },
  {
    "filename": "216_20250425_153817_359.pt",
    "table_id": 3,
    "product_type": 1,
    "label": -1
  },
  {
    "filename": "216_20250425_153827_415.pt",
    "table_id": 3,
    "product_type": 1,
    "label": -1
  },
  {
    "filename": "216_20250425_153837_524.pt",
    "table_id": 3,
    "product_type": 1,
    "label": -1
  },
  {
    "filename": "216_20250425_153847_609.pt",
    "table_id": 3,
    "product_type": 1,
    "label": -1
  },
  {
    "filename": "216_20250425_153857_671.pt",
    "table_id": 3,
    "product_type": 1,
    "label": -1
  },
  {
    "filename": "216_20250425_153907_743.pt",
    "table_id": 3,
    "product_type": 1,
    "label": -1
  },
  {
    "filename": "216_20250425_154924_374.pt",
    "table_id": 3,
    "product_type": 1,
    "label": -1
  },
  {
    "filename": "216_20250425_154934_493.pt",
    "table_id": 3,
    "product_type": 1,
    "label": -1
  },
  {
    "filename": "216_20250428_104259_643.pt",
    "table_id": 5,
    "product_type": 1,
    "label": 0
  },
  {
    "filename": "216_20250428_104309_664.pt",
    "table_id": 5,
    "product_type": 1,
    "label": 0
  },
  {
    "filename": "216_20250428_104319_755.pt",
    "table_id": 5,
    "product_type": 1,
    "label": 0
  },
  {
    "filename": "216_20250428_104329_836.pt",
    "table_id": 5,
    "product_type": 1,
    "label": 0
  },
  {
    "filename": "216_20250428_104339_917.pt",
    "table_id": 5,
    "product_type": 1,
    "label": 6
  },
  {
    "filename": "216_20250428_104350_002.pt",
    "table_id": 5,
    "product_type": 1,
    "label": 0
  },
  {
    "filename": "216_20250428_104400_081.pt",
    "table_id": 5,
    "product_type": 1,
    "label": 0
  },
  {
    "filename": "216_20250428_104410_171.pt",
    "table_id": 5,
    "product_type": 1,
    "label": 0
  },
  {
    "filename": "216_20250428_104420_258.pt",
    "table_id": 5,
    "product_type": 1,
    "label": 0
  },
  {
    "filename": "216_20250428_104430_336.pt",
    "table_id": 5,
    "product_type": 1,
    "label": 0
  },
  {
    "filename": "216_20250428_104440_418.pt",
    "table_id": 5,
    "product_type": 1,
    "label": 0
  },
  {
    "filename": "216_20250428_104450_510.pt",
    "table_id": 5,
    "product_type": 1,
    "label": 0
  },
  {
    "filename": "216_20250428_104500_591.pt",
    "table_id": 5,
    "product_type": 1,
    "label": 0
  },
  {
    "filename": "216_20250428_104510_672.pt",
    "table_id": 5,
    "product_type": 1,
    "label": 0
  },
  {
    "filename": "216_20250428_104520_757.pt",
    "table_id": 5,
    "product_type": 1,
    "label": 0
  },
  {
    "filename": "216_20250428_104530_834.pt",
    "table_id": 5,
    "product_type": 1,
    "label": 0
  },
  {
    "filename": "216_20250428_104540_925.pt",
    "table_id": 5,
    "product_type": 1,
    "label": 0
  },
  {
    "filename": "216_20250428_104551_013.pt",
    "table_id": 5,
    "product_type": 1,
    "label": 0
  },
  {
    "filename": "216_20250428_104601_091.pt",
    "table_id": 5,
    "product_type": 1,
    "label": 0
  },
  {
    "filename": "216_20250428_104611_169.pt",
    "table_id": 5,
    "product_type": 1,
    "label": 1
  },
  {
    "filename": "216_20250428_104621_255.pt",
    "table_id": 5,
    "product_type": 1,
    "label": 0
  },
  {
    "filename": "216_20250428_104631_334.pt",
    "table_id": 5,
    "product_type": 1,
    "label": 0
  },
  {
    "filename": "216_20250428_104641_424.pt",
    "table_id": 5,
    "product_type": 1,
    "label": 0
  },
  {
    "filename": "216_20250428_104651_513.pt",
    "table_id": 5,
    "product_type": 1,
    "label": 0
  },
  {
    "filename": "216_20250428_104701_592.pt",
    "table_id": 5,
    "product_type": 1,
    "label": 0
  },
  {
    "filename": "216_20250428_104711_684.pt",
    "table_id": 5,
    "product_type": 1,
    "label": 0
  },
  {
    "filename": "216_20250428_104721_769.pt",
    "table_id": 5,
    "product_type": 1,
    "label": 0
  },
  {
    "filename": "216_20250428_104731_848.pt",
    "table_id": 5,
    "product_type": 1,
    "label": 0
  },
  {
    "filename": "216_20250428_104741_937.pt",
    "table_id": 5,
    "product_type": 1,
    "label": 0
  },
  {
    "filename": "216_20250428_104752_020.pt",
    "table_id": 5,
    "product_type": 1,
    "label": 0
  },
  {
    "filename": "216_20250428_104802_097.pt",
    "table_id": 5,
    "product_type": 1,
    "label": 0
  },
  {
    "filename": "216_20250428_104812_185.pt",
    "table_id": 5,
    "product_type": 1,
    "label": 6
  },
  {
    "filename": "216_20250428_104822_271.pt",
    "table_id": 5,
    "product_type": 1,
    "label": 0
  },
  {
    "filename": "216_20250428_104832_345.pt",
    "table_id": 5,
    "product_type": 1,
    "label": 0
  },
  {
    "filename": "216_20250428_104842_435.pt",
    "table_id": 5,
    "product_type": 1,
    "label": 1
  },
  {
    "filename": "216_20250428_104852_522.pt",
    "table_id": 5,
    "product_type": 1,
    "label": 0
  },
  {
    "filename": "216_20250428_104902_603.pt",
    "table_id": 5,
    "product_type": 1,
    "label": 0
  },
  {
    "filename": "216_20250428_104912_689.pt",
    "table_id": 5,
    "product_type": 1,
    "label": 0
  },
  {
    "filename": "216_20250428_104922_772.pt",
    "table_id": 5,
    "product_type": 1,
    "label": 6
  },
  {
    "filename": "216_20250428_104932_847.pt",
    "table_id": 5,
    "product_type": 1,
    "label": 1
  },
  {
    "filename": "216_20250428_104942_929.pt",
    "table_id": 5,
    "product_type": 1,
    "label": -1
  },
  {
    "filename": "216_20250428_113943_260.pt",
    "table_id": 5,
    "product_type": 1,
    "label": 0
  },
  {
    "filename": "216_20250428_113953_291.pt",
    "table_id": 5,
    "product_type": 1,
    "label": 0
  },
  {
    "filename": "216_20250428_114003_376.pt",
    "table_id": 5,
    "product_type": 1,
    "label": 0
  },
  {
    "filename": "216_20250428_114013_471.pt",
    "table_id": 5,
    "product_type": 1,
    "label": 0
  },
  {
    "filename": "216_20250428_114023_562.pt",
    "table_id": 5,
    "product_type": 1,
    "label": 0
  },
  {
    "filename": "216_20250428_114033_644.pt",
    "table_id": 5,
    "product_type": 1,
    "label": 0
  },
  {
    "filename": "216_20250428_114043_740.pt",
    "table_id": 5,
    "product_type": 1,
    "label": 0
  },
  {
    "filename": "216_20250428_114053_827.pt",
    "table_id": 5,
    "product_type": 1,
    "label": 1
  },
  {
    "filename": "216_20250428_114103_908.pt",
    "table_id": 5,
    "product_type": 1,
    "label": 0
  },
  {
    "filename": "216_20250428_114113_998.pt",
    "table_id": 5,
    "product_type": 1,
    "label": 0
  },
  {
    "filename": "216_20250428_114124_076.pt",
    "table_id": 5,
    "product_type": 1,
    "label": 0
  },
  {
    "filename": "216_20250428_114134_154.pt",
    "table_id": 5,
    "product_type": 1,
    "label": 0
  },
  {
    "filename": "216_20250428_114144_258.pt",
    "table_id": 5,
    "product_type": 1,
    "label": 2
  },
  {
    "filename": "216_20250428_114154_346.pt",
    "table_id": 5,
    "product_type": 1,
    "label": 2
  },
  {
    "filename": "216_20250428_114204_420.pt",
    "table_id": 5,
    "product_type": 1,
    "label": 0
  },
  {
    "filename": "216_20250428_114214_516.pt",
    "table_id": 5,
    "product_type": 1,
    "label": 1
  },
  {
    "filename": "216_20250428_114224_604.pt",
    "table_id": 5,
    "product_type": 1,
    "label": 0
  },
  {
    "filename": "216_20250428_114234_683.pt",
    "table_id": 5,
    "product_type": 1,
    "label": 0
  },
  {
    "filename": "216_20250428_114244_776.pt",
    "table_id": 5,
    "product_type": 1,
    "label": 6
  },
  {
    "filename": "216_20250428_114254_860.pt",
    "table_id": 5,
    "product_type": 1,
    "label": 0
  },
  {
    "filename": "216_20250428_114304_937.pt",
    "table_id": 5,
    "product_type": 1,
    "label": 0
  },
  {
    "filename": "216_20250428_114315_035.pt",
    "table_id": 5,
    "product_type": 1,
    "label": 2
  },
  {
    "filename": "216_20250428_114325_123.pt",
    "table_id": 5,
    "product_type": 1,
    "label": 0
  },
  {
    "filename": "216_20250428_114335_201.pt",
    "table_id": 5,
    "product_type": 1,
    "label": 0
  },
  {
    "filename": "216_20250428_114345_291.pt",
    "table_id": 5,
    "product_type": 1,
    "label": 0
  },
  {
    "filename": "216_20250428_114355_369.pt",
    "table_id": 5,
    "product_type": 1,
    "label": 2
  },
  {
    "filename": "216_20250428_114405_443.pt",
    "table_id": 5,
    "product_type": 1,
    "label": 0
  },
  {
    "filename": "216_20250428_114415_528.pt",
    "table_id": 5,
    "product_type": 1,
    "label": 0
  },
  {
    "filename": "216_20250428_114425_606.pt",
    "table_id": 5,
    "product_type": 1,
    "label": 0
  },
  {
    "filename": "216_20250428_114435_672.pt",
    "table_id": 5,
    "product_type": 1,
    "label": 0
  },
  {
    "filename": "216_20250428_114445_762.pt",
    "table_id": 5,
    "product_type": 1,
    "label": 0
  },
  {
    "filename": "216_20250428_114455_841.pt",
    "table_id": 5,
    "product_type": 1,
    "label": 0
  },
  {
    "filename": "216_20250428_114505_914.pt",
    "table_id": 5,
    "product_type": 1,
    "label": 6
  },
  {
    "filename": "216_20250428_114516_008.pt",
    "table_id": 5,
    "product_type": 1,
    "label": 2
  },
  {
    "filename": "216_20250428_114526_091.pt",
    "table_id": 5,
    "product_type": 1,
    "label": 0
  },
  {
    "filename": "216_20250428_114536_163.pt",
    "table_id": 5,
    "product_type": 1,
    "label": 0
  },
  {
    "filename": "216_20250428_114546_253.pt",
    "table_id": 5,
    "product_type": 1,
    "label": 0
  }
]