[
  {
    "filename": "6_20250509_101659_683.pt",
    "table_id": 3,
    "product_type": 2,
    "label": 2
  },
  {
    "filename": "6_20250509_101709_760.pt",
    "table_id": 3,
    "product_type": 2,
    "label": 0
  },
  {
    "filename": "6_20250509_101719_834.pt",
    "table_id": 3,
    "product_type": 2,
    "label": 8
  },
  {
    "filename": "6_20250509_101729_946.pt",
    "table_id": 3,
    "product_type": 2,
    "label": 8
  },
  {
    "filename": "6_20250509_101740_025.pt",
    "table_id": 3,
    "product_type": 2,
    "label": 2
  },
  {
    "filename": "6_20250509_101750_098.pt",
    "table_id": 3,
    "product_type": 2,
    "label": -1
  },
  {
    "filename": "6_20250509_101800_118.pt",
    "table_id": 3,
    "product_type": 2,
    "label": 0
  },
  {
    "filename": "6_20250509_101810_194.pt",
    "table_id": 3,
    "product_type": 2,
    "label": 0
  },
  {
    "filename": "6_20250509_101820_268.pt",
    "table_id": 3,
    "product_type": 2,
    "label": 0
  },
  {
    "filename": "6_20250509_101830_376.pt",
    "table_id": 3,
    "product_type": 2,
    "label": 2
  },
  {
    "filename": "6_20250509_101840_453.pt",
    "table_id": 3,
    "product_type": 2,
    "label": 6
  },
  {
    "filename": "6_20250509_101850_539.pt",
    "table_id": 3,
    "product_type": 2,
    "label": 6
  },
  {
    "filename": "6_20250509_101900_635.pt",
    "table_id": 3,
    "product_type": 2,
    "label": 0
  },
  {
    "filename": "6_20250509_101910_713.pt",
    "table_id": 3,
    "product_type": 2,
    "label": 8
  },
  {
    "filename": "6_20250509_101920_800.pt",
    "table_id": 3,
    "product_type": 2,
    "label": -1
  },
  {
    "filename": "6_20250509_101930_893.pt",
    "table_id": 3,
    "product_type": 2,
    "label": 0
  },
  {
    "filename": "6_20250509_101940_970.pt",
    "table_id": 3,
    "product_type": 2,
    "label": 0
  },
  {
    "filename": "6_20250509_101951_058.pt",
    "table_id": 3,
    "product_type": 2,
    "label": 0
  },
  {
    "filename": "6_20250509_102001_158.pt",
    "table_id": 3,
    "product_type": 2,
    "label": 8
  },
  {
    "filename": "6_20250509_102011_235.pt",
    "table_id": 3,
    "product_type": 2,
    "label": 3
  },
  {
    "filename": "6_20250509_102021_316.pt",
    "table_id": 3,
    "product_type": 2,
    "label": 0
  },
  {
    "filename": "6_20250509_102031_405.pt",
    "table_id": 3,
    "product_type": 2,
    "label": 8
  },
  {
    "filename": "6_20250509_102041_476.pt",
    "table_id": 3,
    "product_type": 2,
    "label": 8
  },
  {
    "filename": "6_20250509_102051_565.pt",
    "table_id": 3,
    "product_type": 2,
    "label": 7
  },
  {
    "filename": "6_20250509_102101_659.pt",
    "table_id": 3,
    "product_type": 2,
    "label": -1
  },
  {
    "filename": "6_20250509_102111_733.pt",
    "table_id": 3,
    "product_type": 2,
    "label": 2
  },
  {
    "filename": "6_20250509_102121_823.pt",
    "table_id": 3,
    "product_type": 2,
    "label": 6
  },
  {
    "filename": "6_20250509_102131_918.pt",
    "table_id": 3,
    "product_type": 2,
    "label": 6
  },
  {
    "filename": "6_20250509_102141_992.pt",
    "table_id": 3,
    "product_type": 2,
    "label": 0
  },
  {
    "filename": "6_20250509_102152_079.pt",
    "table_id": 3,
    "product_type": 2,
    "label": 8
  },
  {
    "filename": "6_20250509_102202_165.pt",
    "table_id": 3,
    "product_type": 2,
    "label": 0
  },
  {
    "filename": "6_20250509_102212_232.pt",
    "table_id": 3,
    "product_type": 2,
    "label": 0
  },
  {
    "filename": "6_20250509_102222_319.pt",
    "table_id": 3,
    "product_type": 2,
    "label": -1
  },
  {
    "filename": "6_20250509_102232_408.pt",
    "table_id": 3,
    "product_type": 2,
    "label": 2
  },
  {
    "filename": "6_20250509_102242_480.pt",
    "table_id": 3,
    "product_type": 2,
    "label": 0
  },
  {
    "filename": "6_20250509_102252_574.pt",
    "table_id": 3,
    "product_type": 2,
    "label": 0
  },
  {
    "filename": "6_20250509_102302_665.pt",
    "table_id": 3,
    "product_type": 2,
    "label": 0
  },
  {
    "filename": "6_20250509_102312_741.pt",
    "table_id": 3,
    "product_type": 2,
    "label": -1
  },
  {
    "filename": "6_20250509_102322_832.pt",
    "table_id": 3,
    "product_type": 2,
    "label": 2
  },
  {
    "filename": "6_20250509_102332_920.pt",
    "table_id": 3,
    "product_type": 2,
    "label": 0
  },
  {
    "filename": "6_20250509_102342_993.pt",
    "table_id": 3,
    "product_type": 2,
    "label": -1
  },
  {
    "filename": "6_20250509_102353_081.pt",
    "table_id": 3,
    "product_type": 2,
    "label": 6
  },
  {
    "filename": "6_20250509_102403_168.pt",
    "table_id": 3,
    "product_type": 2,
    "label": -1
  },
  {
    "filename": "6_20250509_102413_243.pt",
    "table_id": 3,
    "product_type": 2,
    "label": -1
  },
  {
    "filename": "6_20250509_102423_338.pt",
    "table_id": 3,
    "product_type": 2,
    "label": 0
  },
  {
    "filename": "6_20250509_102433_428.pt",
    "table_id": 3,
    "product_type": 2,
    "label": 0
  },
  {
    "filename": "6_20250509_102443_503.pt",
    "table_id": 3,
    "product_type": 2,
    "label": 0
  },
  {
    "filename": "6_20250509_102453_592.pt",
    "table_id": 3,
    "product_type": 2,
    "label": -1
  },
  {
    "filename": "6_20250509_102503_676.pt",
    "table_id": 3,
    "product_type": 2,
    "label": -1
  },
  {
    "filename": "6_20250509_102513_749.pt",
    "table_id": 3,
    "product_type": 2,
    "label": 0
  },
  {
    "filename": "6_20250509_102523_845.pt",
    "table_id": 3,
    "product_type": 2,
    "label": 0
  },
  {
    "filename": "6_20250509_102533_928.pt",
    "table_id": 3,
    "product_type": 2,
    "label": 0
  },
  {
    "filename": "6_20250509_102543_997.pt",
    "table_id": 3,
    "product_type": 2,
    "label": -1
  },
  {
    "filename": "6_20250509_102554_089.pt",
    "table_id": 3,
    "product_type": 2,
    "label": 0
  },
  {
    "filename": "6_20250509_102604_175.pt",
    "table_id": 3,
    "product_type": 2,
    "label": 0
  },
  {
    "filename": "6_20250509_102614_247.pt",
    "table_id": 3,
    "product_type": 2,
    "label": 0
  },
  {
    "filename": "6_20250509_102624_338.pt",
    "table_id": 3,
    "product_type": 2,
    "label": -1
  },
  {
    "filename": "6_20250509_102634_419.pt",
    "table_id": 3,
    "product_type": 2,
    "label": -1
  },
  {
    "filename": "6_20250509_102644_490.pt",
    "table_id": 3,
    "product_type": 2,
    "label": 0
  },
  {
    "filename": "6_20250509_102654_586.pt",
    "table_id": 3,
    "product_type": 2,
    "label": 0
  },
  {
    "filename": "6_20250509_102704_669.pt",
    "table_id": 3,
    "product_type": 2,
    "label": 0
  },
  {
    "filename": "6_20250509_102714_737.pt",
    "table_id": 3,
    "product_type": 2,
    "label": -1
  },
  {
    "filename": "6_20250509_102724_814.pt",
    "table_id": 3,
    "product_type": 2,
    "label": -1
  },
  {
    "filename": "6_20250509_102734_878.pt",
    "table_id": 3,
    "product_type": 2,
    "label": 0
  },
  {
    "filename": "6_20250509_102744_894.pt",
    "table_id": 3,
    "product_type": 2,
    "label": 0
  },
  {
    "filename": "6_20250509_102754_989.pt",
    "table_id": 3,
    "product_type": 2,
    "label": 0
  },
  {
    "filename": "6_20250509_102805_067.pt",
    "table_id": 3,
    "product_type": 2,
    "label": -1
  },
  {
    "filename": "6_20250509_102815_137.pt",
    "table_id": 3,
    "product_type": 2,
    "label": -1
  },
  {
    "filename": "6_20250509_102825_229.pt",
    "table_id": 3,
    "product_type": 2,
    "label": 0
  },
  {
    "filename": "6_20250509_102835_308.pt",
    "table_id": 3,
    "product_type": 2,
    "label": 0
  },
  {
    "filename": "6_20250509_102845_375.pt",
    "table_id": 3,
    "product_type": 2,
    "label": -1
  },
  {
    "filename": "6_20250509_102855_469.pt",
    "table_id": 3,
    "product_type": 2,
    "label": 7
  },
  {
    "filename": "6_20250509_102905_548.pt",
    "table_id": 3,
    "product_type": 2,
    "label": 6
  },
  {
    "filename": "6_20250509_102915_615.pt",
    "table_id": 3,
    "product_type": 2,
    "label": -1
  },
  {
    "filename": "6_20250509_102925_711.pt",
    "table_id": 3,
    "product_type": 2,
    "label": -1
  },
  {
    "filename": "6_20250509_102935_791.pt",
    "table_id": 3,
    "product_type": 2,
    "label": -1
  },
  {
    "filename": "6_20250509_102945_863.pt",
    "table_id": 3,
    "product_type": 2,
    "label": -1
  },
  {
    "filename": "6_20250509_102955_963.pt",
    "table_id": 3,
    "product_type": 2,
    "label": 2
  },
  {
    "filename": "6_20250509_103006_043.pt",
    "table_id": 3,
    "product_type": 2,
    "label": -1
  },
  {
    "filename": "6_20250509_103016_113.pt",
    "table_id": 3,
    "product_type": 2,
    "label": 0
  },
  {
    "filename": "6_20250509_103026_207.pt",
    "table_id": 3,
    "product_type": 2,
    "label": -1
  },
  {
    "filename": "6_20250509_103036_285.pt",
    "table_id": 3,
    "product_type": 2,
    "label": -1
  },
  {
    "filename": "6_20250509_103046_356.pt",
    "table_id": 3,
    "product_type": 2,
    "label": -1
  },
  {
    "filename": "6_20250509_103056_458.pt",
    "table_id": 3,
    "product_type": 2,
    "label": 0
  },
  {
    "filename": "6_20250509_103106_539.pt",
    "table_id": 3,
    "product_type": 2,
    "label": 0
  },
  {
    "filename": "6_20250509_103116_609.pt",
    "table_id": 3,
    "product_type": 2,
    "label": -1
  },
  {
    "filename": "6_20250509_103126_708.pt",
    "table_id": 3,
    "product_type": 2,
    "label": -1
  },
  {
    "filename": "6_20250509_103136_786.pt",
    "table_id": 3,
    "product_type": 2,
    "label": 0
  },
  {
    "filename": "6_20250509_103146_858.pt",
    "table_id": 3,
    "product_type": 2,
    "label": 6
  },
  {
    "filename": "6_20250509_103156_962.pt",
    "table_id": 3,
    "product_type": 2,
    "label": 0
  },
  {
    "filename": "6_20250509_103207_049.pt",
    "table_id": 3,
    "product_type": 2,
    "label": -1
  },
  {
    "filename": "6_20250509_103217_118.pt",
    "table_id": 3,
    "product_type": 2,
    "label": 0
  },
  {
    "filename": "6_20250509_103227_213.pt",
    "table_id": 3,
    "product_type": 2,
    "label": 0
  },
  {
    "filename": "6_20250509_103237_293.pt",
    "table_id": 3,
    "product_type": 2,
    "label": 0
  },
  {
    "filename": "6_20250509_103247_361.pt",
    "table_id": 3,
    "product_type": 2,
    "label": 0
  },
  {
    "filename": "6_20250509_103257_462.pt",
    "table_id": 3,
    "product_type": 2,
    "label": 0
  },
  {
    "filename": "6_20250509_103307_541.pt",
    "table_id": 3,
    "product_type": 2,
    "label": -1
  },
  {
    "filename": "6_20250509_103317_610.pt",
    "table_id": 3,
    "product_type": 2,
    "label": 0
  },
  {
    "filename": "6_20250509_103327_704.pt",
    "table_id": 3,
    "product_type": 2,
    "label": 0
  },
  {
    "filename": "6_20250509_103337_778.pt",
    "table_id": 3,
    "product_type": 2,
    "label": -1
  }
]