[
  {
    "filename": "216_20250428_121932_379.pt",
    "table_id": 5,
    "product_type": 1,
    "label": 0
  },
  {
    "filename": "216_20250428_121942_465.pt",
    "table_id": 5,
    "product_type": 1,
    "label": 0
  },
  {
    "filename": "216_20250428_121952_546.pt",
    "table_id": 5,
    "product_type": 1,
    "label": 6
  },
  {
    "filename": "216_20250428_122002_616.pt",
    "table_id": 5,
    "product_type": 1,
    "label": 0
  },
  {
    "filename": "216_20250428_122012_697.pt",
    "table_id": 5,
    "product_type": 1,
    "label": 2
  },
  {
    "filename": "216_20250428_122022_782.pt",
    "table_id": 5,
    "product_type": 1,
    "label": 0
  },
  {
    "filename": "216_20250428_122032_854.pt",
    "table_id": 5,
    "product_type": 1,
    "label": 0
  },
  {
    "filename": "216_20250428_122042_935.pt",
    "table_id": 5,
    "product_type": 1,
    "label": 0
  },
  {
    "filename": "216_20250428_122053_015.pt",
    "table_id": 5,
    "product_type": 1,
    "label": 0
  },
  {
    "filename": "216_20250428_122103_085.pt",
    "table_id": 5,
    "product_type": 1,
    "label": 0
  },
  {
    "filename": "216_20250428_122113_172.pt",
    "table_id": 5,
    "product_type": 1,
    "label": 6
  },
  {
    "filename": "216_20250428_122123_258.pt",
    "table_id": 5,
    "product_type": 1,
    "label": 0
  },
  {
    "filename": "216_20250428_122133_324.pt",
    "table_id": 5,
    "product_type": 1,
    "label": 0
  },
  {
    "filename": "216_20250428_122143_408.pt",
    "table_id": 5,
    "product_type": 1,
    "label": 0
  },
  {
    "filename": "216_20250428_122153_490.pt",
    "table_id": 5,
    "product_type": 1,
    "label": 8
  },
  {
    "filename": "216_20250428_122203_560.pt",
    "table_id": 5,
    "product_type": 1,
    "label": 0
  },
  {
    "filename": "216_20250428_122213_647.pt",
    "table_id": 5,
    "product_type": 1,
    "label": 1
  },
  {
    "filename": "216_20250428_122223_729.pt",
    "table_id": 5,
    "product_type": 1,
    "label": 6
  },
  {
    "filename": "216_20250428_122233_797.pt",
    "table_id": 5,
    "product_type": 1,
    "label": 0
  },
  {
    "filename": "216_20250428_122243_882.pt",
    "table_id": 5,
    "product_type": 1,
    "label": 0
  },
  {
    "filename": "216_20250428_122253_970.pt",
    "table_id": 5,
    "product_type": 1,
    "label": 0
  },
  {
    "filename": "216_20250428_122304_043.pt",
    "table_id": 5,
    "product_type": 1,
    "label": 0
  },
  {
    "filename": "216_20250428_122314_129.pt",
    "table_id": 5,
    "product_type": 1,
    "label": 0
  },
  {
    "filename": "216_20250428_122324_211.pt",
    "table_id": 5,
    "product_type": 1,
    "label": 0
  },
  {
    "filename": "216_20250428_122334_279.pt",
    "table_id": 5,
    "product_type": 1,
    "label": 0
  },
  {
    "filename": "216_20250428_122344_364.pt",
    "table_id": 5,
    "product_type": 1,
    "label": 6
  },
  {
    "filename": "216_20250428_122354_438.pt",
    "table_id": 5,
    "product_type": 1,
    "label": 0
  },
  {
    "filename": "216_20250428_122404_502.pt",
    "table_id": 5,
    "product_type": 1,
    "label": 0
  },
  {
    "filename": "216_20250428_122414_587.pt",
    "table_id": 5,
    "product_type": 1,
    "label": 0
  },
  {
    "filename": "216_20250428_122424_664.pt",
    "table_id": 5,
    "product_type": 1,
    "label": 0
  },
  {
    "filename": "216_20250428_122434_735.pt",
    "table_id": 5,
    "product_type": 1,
    "label": 0
  },
  {
    "filename": "216_20250428_122444_819.pt",
    "table_id": 5,
    "product_type": 1,
    "label": 0
  },
  {
    "filename": "216_20250428_122454_896.pt",
    "table_id": 5,
    "product_type": 1,
    "label": 6
  },
  {
    "filename": "216_20250428_122504_964.pt",
    "table_id": 5,
    "product_type": 1,
    "label": 6
  },
  {
    "filename": "216_20250428_122515_055.pt",
    "table_id": 5,
    "product_type": 1,
    "label": 0
  },
  {
    "filename": "216_20250428_122525_130.pt",
    "table_id": 5,
    "product_type": 1,
    "label": 0
  },
  {
    "filename": "216_20250428_122535_196.pt",
    "table_id": 5,
    "product_type": 1,
    "label": 1
  },
  {
    "filename": "216_20250428_122545_284.pt",
    "table_id": 5,
    "product_type": 1,
    "label": 0
  },
  {
    "filename": "216_20250428_122555_363.pt",
    "table_id": 5,
    "product_type": 1,
    "label": 2
  },
  {
    "filename": "216_20250428_122605_439.pt",
    "table_id": 5,
    "product_type": 1,
    "label": 0
  },
  {
    "filename": "216_20250428_122615_526.pt",
    "table_id": 5,
    "product_type": 1,
    "label": 0
  },
  {
    "filename": "216_20250428_122625_595.pt",
    "table_id": 5,
    "product_type": 1,
    "label": 0
  },
  {
    "filename": "216_20250428_122635_692.pt",
    "table_id": 5,
    "product_type": 1,
    "label": 0
  },
  {
    "filename": "216_20250428_122645_778.pt",
    "table_id": 5,
    "product_type": 1,
    "label": 0
  },
  {
    "filename": "216_20250428_122655_856.pt",
    "table_id": 5,
    "product_type": 1,
    "label": 0
  },
  {
    "filename": "216_20250428_122705_926.pt",
    "table_id": 5,
    "product_type": 1,
    "label": 0
  },
  {
    "filename": "216_20250428_122716_008.pt",
    "table_id": 5,
    "product_type": 1,
    "label": 0
  },
  {
    "filename": "216_20250428_122726_081.pt",
    "table_id": 5,
    "product_type": 1,
    "label": 0
  },
  {
    "filename": "216_20250428_122736_149.pt",
    "table_id": 5,
    "product_type": 1,
    "label": 0
  },
  {
    "filename": "216_20250428_122746_247.pt",
    "table_id": 5,
    "product_type": 1,
    "label": 0
  },
  {
    "filename": "216_20250428_122756_328.pt",
    "table_id": 5,
    "product_type": 1,
    "label": 0
  },
  {
    "filename": "216_20250428_122806_399.pt",
    "table_id": 5,
    "product_type": 1,
    "label": 0
  },
  {
    "filename": "216_20250428_122816_485.pt",
    "table_id": 5,
    "product_type": 1,
    "label": 0
  },
  {
    "filename": "216_20250428_122826_561.pt",
    "table_id": 5,
    "product_type": 1,
    "label": 0
  },
  {
    "filename": "216_20250428_122836_630.pt",
    "table_id": 5,
    "product_type": 1,
    "label": 2
  },
  {
    "filename": "216_20250428_122846_727.pt",
    "table_id": 5,
    "product_type": 1,
    "label": 0
  },
  {
    "filename": "216_20250428_122856_802.pt",
    "table_id": 5,
    "product_type": 1,
    "label": 0
  },
  {
    "filename": "216_20250428_122906_867.pt",
    "table_id": 5,
    "product_type": 1,
    "label": 0
  },
  {
    "filename": "216_20250428_122916_952.pt",
    "table_id": 5,
    "product_type": 1,
    "label": 0
  },
  {
    "filename": "216_20250428_122927_026.pt",
    "table_id": 5,
    "product_type": 1,
    "label": 0
  },
  {
    "filename": "216_20250428_122937_091.pt",
    "table_id": 5,
    "product_type": 1,
    "label": 0
  },
  {
    "filename": "216_20250428_122947_182.pt",
    "table_id": 5,
    "product_type": 1,
    "label": 0
  },
  {
    "filename": "216_20250428_122957_256.pt",
    "table_id": 5,
    "product_type": 1,
    "label": 1
  },
  {
    "filename": "216_20250428_123007_323.pt",
    "table_id": 5,
    "product_type": 1,
    "label": 6
  },
  {
    "filename": "216_20250428_123017_411.pt",
    "table_id": 5,
    "product_type": 1,
    "label": 0
  },
  {
    "filename": "216_20250428_123027_490.pt",
    "table_id": 5,
    "product_type": 1,
    "label": 0
  },
  {
    "filename": "216_20250428_123037_560.pt",
    "table_id": 5,
    "product_type": 1,
    "label": 0
  },
  {
    "filename": "216_20250428_123047_657.pt",
    "table_id": 5,
    "product_type": 1,
    "label": 8
  },
  {
    "filename": "216_20250428_123057_732.pt",
    "table_id": 5,
    "product_type": 1,
    "label": 0
  },
  {
    "filename": "216_20250428_123107_798.pt",
    "table_id": 5,
    "product_type": 1,
    "label": 6
  },
  {
    "filename": "216_20250428_123117_887.pt",
    "table_id": 5,
    "product_type": 1,
    "label": 6
  },
  {
    "filename": "216_20250428_123127_961.pt",
    "table_id": 5,
    "product_type": 1,
    "label": 0
  },
  {
    "filename": "216_20250428_123138_024.pt",
    "table_id": 5,
    "product_type": 1,
    "label": 0
  },
  {
    "filename": "216_20250428_123148_113.pt",
    "table_id": 5,
    "product_type": 1,
    "label": 0
  },
  {
    "filename": "216_20250428_123158_185.pt",
    "table_id": 5,
    "product_type": 1,
    "label": 0
  },
  {
    "filename": "216_20250428_123208_258.pt",
    "table_id": 5,
    "product_type": 1,
    "label": 0
  },
  {
    "filename": "216_20250428_123218_363.pt",
    "table_id": 5,
    "product_type": 1,
    "label": 0
  },
  {
    "filename": "216_20250428_123228_448.pt",
    "table_id": 5,
    "product_type": 1,
    "label": 0
  },
  {
    "filename": "216_20250428_123238_523.pt",
    "table_id": 5,
    "product_type": 1,
    "label": 6
  },
  {
    "filename": "216_20250428_123248_621.pt",
    "table_id": 5,
    "product_type": 1,
    "label": 2
  },
  {
    "filename": "216_20250428_123258_697.pt",
    "table_id": 5,
    "product_type": 1,
    "label": 0
  },
  {
    "filename": "216_20250428_123308_769.pt",
    "table_id": 5,
    "product_type": 1,
    "label": 0
  },
  {
    "filename": "216_20250428_123318_872.pt",
    "table_id": 5,
    "product_type": 1,
    "label": 0
  },
  {
    "filename": "216_20250428_123328_956.pt",
    "table_id": 5,
    "product_type": 1,
    "label": 0
  },
  {
    "filename": "216_20250428_123339_030.pt",
    "table_id": 5,
    "product_type": 1,
    "label": 0
  },
  {
    "filename": "216_20250428_123349_132.pt",
    "table_id": 5,
    "product_type": 1,
    "label": 6
  },
  {
    "filename": "216_20250428_123359_212.pt",
    "table_id": 5,
    "product_type": 1,
    "label": 1
  },
  {
    "filename": "216_20250428_123409_282.pt",
    "table_id": 5,
    "product_type": 1,
    "label": 0
  },
  {
    "filename": "216_20250428_123419_383.pt",
    "table_id": 5,
    "product_type": 1,
    "label": 0
  },
  {
    "filename": "216_20250428_123429_464.pt",
    "table_id": 5,
    "product_type": 1,
    "label": 0
  },
  {
    "filename": "216_20250428_123439_540.pt",
    "table_id": 5,
    "product_type": 1,
    "label": 0
  },
  {
    "filename": "216_20250428_123449_640.pt",
    "table_id": 5,
    "product_type": 1,
    "label": 0
  },
  {
    "filename": "216_20250428_123459_722.pt",
    "table_id": 5,
    "product_type": 1,
    "label": 1
  },
  {
    "filename": "216_20250428_123509_800.pt",
    "table_id": 5,
    "product_type": 1,
    "label": 0
  },
  {
    "filename": "216_20250428_123519_915.pt",
    "table_id": 5,
    "product_type": 1,
    "label": 0
  },
  {
    "filename": "216_20250428_123529_992.pt",
    "table_id": 5,
    "product_type": 1,
    "label": 0
  },
  {
    "filename": "216_20250428_123540_067.pt",
    "table_id": 5,
    "product_type": 1,
    "label": 2
  },
  {
    "filename": "216_20250428_123550_168.pt",
    "table_id": 5,
    "product_type": 1,
    "label": 0
  },
  {
    "filename": "216_20250428_123600_248.pt",
    "table_id": 5,
    "product_type": 1,
    "label": 0
  },
  {
    "filename": "216_20250428_123610_332.pt",
    "table_id": 5,
    "product_type": 1,
    "label": 0
  }
]