[
  {
    "filename": "6_20250509_112411_957.pt",
    "table_id": 3,
    "product_type": 2,
    "label": 0
  },
  {
    "filename": "6_20250509_112422_018.pt",
    "table_id": 3,
    "product_type": 2,
    "label": -1
  },
  {
    "filename": "6_20250509_112432_126.pt",
    "table_id": 3,
    "product_type": 2,
    "label": 8
  },
  {
    "filename": "6_20250509_112442_198.pt",
    "table_id": 3,
    "product_type": 2,
    "label": 0
  },
  {
    "filename": "6_20250509_112452_263.pt",
    "table_id": 3,
    "product_type": 2,
    "label": 2
  },
  {
    "filename": "6_20250509_112502_368.pt",
    "table_id": 3,
    "product_type": 2,
    "label": -1
  },
  {
    "filename": "6_20250509_112512_439.pt",
    "table_id": 3,
    "product_type": 2,
    "label": 6
  },
  {
    "filename": "6_20250509_112522_514.pt",
    "table_id": 3,
    "product_type": 2,
    "label": 0
  },
  {
    "filename": "6_20250509_112532_604.pt",
    "table_id": 3,
    "product_type": 2,
    "label": 0
  },
  {
    "filename": "6_20250509_112542_675.pt",
    "table_id": 3,
    "product_type": 2,
    "label": 8
  },
  {
    "filename": "6_20250509_112552_755.pt",
    "table_id": 3,
    "product_type": 2,
    "label": 0
  },
  {
    "filename": "6_20250509_112602_847.pt",
    "table_id": 3,
    "product_type": 2,
    "label": 0
  },
  {
    "filename": "6_20250509_112612_918.pt",
    "table_id": 3,
    "product_type": 2,
    "label": 8
  },
  {
    "filename": "6_20250509_112622_992.pt",
    "table_id": 3,
    "product_type": 2,
    "label": 0
  },
  {
    "filename": "6_20250509_112633_082.pt",
    "table_id": 3,
    "product_type": 2,
    "label": 8
  },
  {
    "filename": "6_20250509_112643_155.pt",
    "table_id": 3,
    "product_type": 2,
    "label": 2
  },
  {
    "filename": "6_20250509_112653_239.pt",
    "table_id": 3,
    "product_type": 2,
    "label": 0
  },
  {
    "filename": "6_20250509_112703_336.pt",
    "table_id": 3,
    "product_type": 2,
    "label": 4
  },
  {
    "filename": "6_20250509_112713_408.pt",
    "table_id": 3,
    "product_type": 2,
    "label": 8
  },
  {
    "filename": "6_20250509_112723_487.pt",
    "table_id": 3,
    "product_type": 2,
    "label": 8
  },
  {
    "filename": "6_20250509_112733_575.pt",
    "table_id": 3,
    "product_type": 2,
    "label": -1
  },
  {
    "filename": "6_20250509_112743_642.pt",
    "table_id": 3,
    "product_type": 2,
    "label": 6
  },
  {
    "filename": "6_20250509_112753_718.pt",
    "table_id": 3,
    "product_type": 2,
    "label": 0
  },
  {
    "filename": "6_20250509_112803_805.pt",
    "table_id": 3,
    "product_type": 2,
    "label": 0
  },
  {
    "filename": "6_20250509_112813_876.pt",
    "table_id": 3,
    "product_type": 2,
    "label": 0
  },
  {
    "filename": "6_20250509_112823_954.pt",
    "table_id": 3,
    "product_type": 2,
    "label": 8
  },
  {
    "filename": "6_20250509_112834_041.pt",
    "table_id": 3,
    "product_type": 2,
    "label": 8
  },
  {
    "filename": "6_20250509_112844_111.pt",
    "table_id": 3,
    "product_type": 2,
    "label": 0
  },
  {
    "filename": "6_20250509_112854_196.pt",
    "table_id": 3,
    "product_type": 2,
    "label": 0
  },
  {
    "filename": "6_20250509_112904_282.pt",
    "table_id": 3,
    "product_type": 2,
    "label": 8
  },
  {
    "filename": "6_20250509_112914_351.pt",
    "table_id": 3,
    "product_type": 2,
    "label": -1
  },
  {
    "filename": "6_20250509_112924_438.pt",
    "table_id": 3,
    "product_type": 2,
    "label": 0
  },
  {
    "filename": "6_20250509_112934_522.pt",
    "table_id": 3,
    "product_type": 2,
    "label": 0
  },
  {
    "filename": "6_20250509_112944_589.pt",
    "table_id": 3,
    "product_type": 2,
    "label": 8
  },
  {
    "filename": "6_20250509_112954_675.pt",
    "table_id": 3,
    "product_type": 2,
    "label": 0
  },
  {
    "filename": "6_20250509_113004_756.pt",
    "table_id": 3,
    "product_type": 2,
    "label": 8
  },
  {
    "filename": "6_20250509_113014_824.pt",
    "table_id": 3,
    "product_type": 2,
    "label": 8
  },
  {
    "filename": "6_20250509_113024_916.pt",
    "table_id": 3,
    "product_type": 2,
    "label": 6
  },
  {
    "filename": "6_20250509_113035_001.pt",
    "table_id": 3,
    "product_type": 2,
    "label": -1
  },
  {
    "filename": "6_20250509_113045_073.pt",
    "table_id": 3,
    "product_type": 2,
    "label": 0
  },
  {
    "filename": "6_20250509_113055_167.pt",
    "table_id": 3,
    "product_type": 2,
    "label": 0
  },
  {
    "filename": "6_20250509_113105_253.pt",
    "table_id": 3,
    "product_type": 2,
    "label": 0
  },
  {
    "filename": "6_20250509_113115_320.pt",
    "table_id": 3,
    "product_type": 2,
    "label": 8
  },
  {
    "filename": "6_20250509_113125_407.pt",
    "table_id": 3,
    "product_type": 2,
    "label": 0
  },
  {
    "filename": "6_20250509_113135_489.pt",
    "table_id": 3,
    "product_type": 2,
    "label": 0
  },
  {
    "filename": "6_20250509_113145_555.pt",
    "table_id": 3,
    "product_type": 2,
    "label": 8
  },
  {
    "filename": "6_20250509_113155_650.pt",
    "table_id": 3,
    "product_type": 2,
    "label": 0
  },
  {
    "filename": "6_20250509_113205_735.pt",
    "table_id": 3,
    "product_type": 2,
    "label": 0
  },
  {
    "filename": "6_20250509_113215_803.pt",
    "table_id": 3,
    "product_type": 2,
    "label": 0
  },
  {
    "filename": "6_20250509_113225_894.pt",
    "table_id": 3,
    "product_type": 2,
    "label": 0
  },
  {
    "filename": "6_20250509_113235_983.pt",
    "table_id": 3,
    "product_type": 2,
    "label": 0
  },
  {
    "filename": "6_20250509_113246_053.pt",
    "table_id": 3,
    "product_type": 2,
    "label": 0
  },
  {
    "filename": "6_20250509_113256_141.pt",
    "table_id": 3,
    "product_type": 2,
    "label": 8
  },
  {
    "filename": "6_20250509_113306_225.pt",
    "table_id": 3,
    "product_type": 2,
    "label": 0
  },
  {
    "filename": "6_20250509_113316_292.pt",
    "table_id": 3,
    "product_type": 2,
    "label": 0
  },
  {
    "filename": "6_20250509_113326_388.pt",
    "table_id": 3,
    "product_type": 2,
    "label": 0
  },
  {
    "filename": "6_20250509_113336_469.pt",
    "table_id": 3,
    "product_type": 2,
    "label": 0
  },
  {
    "filename": "6_20250509_113346_536.pt",
    "table_id": 3,
    "product_type": 2,
    "label": -1
  },
  {
    "filename": "6_20250509_113356_627.pt",
    "table_id": 3,
    "product_type": 2,
    "label": 0
  },
  {
    "filename": "6_20250509_113406_706.pt",
    "table_id": 3,
    "product_type": 2,
    "label": 0
  },
  {
    "filename": "6_20250509_113416_773.pt",
    "table_id": 3,
    "product_type": 2,
    "label": 0
  },
  {
    "filename": "6_20250509_113426_862.pt",
    "table_id": 3,
    "product_type": 2,
    "label": 8
  },
  {
    "filename": "6_20250509_113436_941.pt",
    "table_id": 3,
    "product_type": 2,
    "label": 0
  },
  {
    "filename": "6_20250509_113447_008.pt",
    "table_id": 3,
    "product_type": 2,
    "label": 0
  },
  {
    "filename": "6_20250509_113457_098.pt",
    "table_id": 3,
    "product_type": 2,
    "label": 8
  },
  {
    "filename": "6_20250509_113507_180.pt",
    "table_id": 3,
    "product_type": 2,
    "label": 0
  },
  {
    "filename": "6_20250509_113517_245.pt",
    "table_id": 3,
    "product_type": 2,
    "label": 6
  },
  {
    "filename": "6_20250509_113527_332.pt",
    "table_id": 3,
    "product_type": 2,
    "label": 8
  },
  {
    "filename": "6_20250509_113537_407.pt",
    "table_id": 3,
    "product_type": 2,
    "label": 6
  },
  {
    "filename": "6_20250509_113547_473.pt",
    "table_id": 3,
    "product_type": 2,
    "label": 0
  },
  {
    "filename": "6_20250509_113557_572.pt",
    "table_id": 3,
    "product_type": 2,
    "label": 8
  },
  {
    "filename": "6_20250509_113607_653.pt",
    "table_id": 3,
    "product_type": 2,
    "label": 0
  },
  {
    "filename": "6_20250509_113617_719.pt",
    "table_id": 3,
    "product_type": 2,
    "label": 0
  },
  {
    "filename": "6_20250509_113627_816.pt",
    "table_id": 3,
    "product_type": 2,
    "label": 0
  },
  {
    "filename": "6_20250509_113637_897.pt",
    "table_id": 3,
    "product_type": 2,
    "label": 0
  },
  {
    "filename": "6_20250509_113647_967.pt",
    "table_id": 3,
    "product_type": 2,
    "label": 0
  },
  {
    "filename": "6_20250509_113658_061.pt",
    "table_id": 3,
    "product_type": 2,
    "label": 8
  },
  {
    "filename": "6_20250509_113708_142.pt",
    "table_id": 3,
    "product_type": 2,
    "label": 0
  },
  {
    "filename": "6_20250509_113718_210.pt",
    "table_id": 3,
    "product_type": 2,
    "label": 8
  },
  {
    "filename": "6_20250509_113728_307.pt",
    "table_id": 3,
    "product_type": 2,
    "label": 7
  },
  {
    "filename": "6_20250509_113738_392.pt",
    "table_id": 3,
    "product_type": 2,
    "label": 8
  },
  {
    "filename": "6_20250509_113748_464.pt",
    "table_id": 3,
    "product_type": 2,
    "label": 8
  },
  {
    "filename": "6_20250509_113758_562.pt",
    "table_id": 3,
    "product_type": 2,
    "label": 6
  },
  {
    "filename": "6_20250509_113808_643.pt",
    "table_id": 3,
    "product_type": 2,
    "label": -1
  },
  {
    "filename": "6_20250509_113818_714.pt",
    "table_id": 3,
    "product_type": 2,
    "label": 5
  },
  {
    "filename": "6_20250509_113828_818.pt",
    "table_id": 3,
    "product_type": 2,
    "label": 0
  },
  {
    "filename": "6_20250509_113838_896.pt",
    "table_id": 3,
    "product_type": 2,
    "label": 8
  },
  {
    "filename": "6_20250509_113848_962.pt",
    "table_id": 3,
    "product_type": 2,
    "label": 8
  },
  {
    "filename": "6_20250509_113859_056.pt",
    "table_id": 3,
    "product_type": 2,
    "label": 0
  },
  {
    "filename": "6_20250509_113909_134.pt",
    "table_id": 3,
    "product_type": 2,
    "label": 8
  },
  {
    "filename": "6_20250509_113919_199.pt",
    "table_id": 3,
    "product_type": 2,
    "label": 0
  },
  {
    "filename": "6_20250509_113929_299.pt",
    "table_id": 3,
    "product_type": 2,
    "label": 0
  },
  {
    "filename": "6_20250509_113939_377.pt",
    "table_id": 3,
    "product_type": 2,
    "label": 0
  },
  {
    "filename": "6_20250509_113949_444.pt",
    "table_id": 3,
    "product_type": 2,
    "label": 0
  },
  {
    "filename": "6_20250509_113959_544.pt",
    "table_id": 3,
    "product_type": 2,
    "label": 0
  },
  {
    "filename": "6_20250509_114009_622.pt",
    "table_id": 3,
    "product_type": 2,
    "label": 8
  },
  {
    "filename": "6_20250509_114019_687.pt",
    "table_id": 3,
    "product_type": 2,
    "label": 0
  },
  {
    "filename": "6_20250509_114029_785.pt",
    "table_id": 3,
    "product_type": 2,
    "label": 6
  },
  {
    "filename": "6_20250509_114039_862.pt",
    "table_id": 3,
    "product_type": 2,
    "label": 8
  },
  {
    "filename": "6_20250509_114049_930.pt",
    "table_id": 3,
    "product_type": 2,
    "label": 0
  }
]