[
  {
    "filename": "216_20250428_125308_729.pt",
    "table_id": 5,
    "product_type": 1,
    "label": 0
  },
  {
    "filename": "216_20250428_125318_838.pt",
    "table_id": 5,
    "product_type": 1,
    "label": 0
  },
  {
    "filename": "216_20250428_125328_923.pt",
    "table_id": 5,
    "product_type": 1,
    "label": 0
  },
  {
    "filename": "216_20250428_125338_996.pt",
    "table_id": 5,
    "product_type": 1,
    "label": 0
  },
  {
    "filename": "216_20250428_125349_100.pt",
    "table_id": 5,
    "product_type": 1,
    "label": 0
  },
  {
    "filename": "216_20250428_125359_181.pt",
    "table_id": 5,
    "product_type": 1,
    "label": 0
  },
  {
    "filename": "216_20250428_125409_256.pt",
    "table_id": 5,
    "product_type": 1,
    "label": 0
  },
  {
    "filename": "216_20250428_125419_361.pt",
    "table_id": 5,
    "product_type": 1,
    "label": 0
  },
  {
    "filename": "216_20250428_125429_442.pt",
    "table_id": 5,
    "product_type": 1,
    "label": 8
  },
  {
    "filename": "216_20250428_125439_515.pt",
    "table_id": 5,
    "product_type": 1,
    "label": 0
  },
  {
    "filename": "216_20250428_125449_623.pt",
    "table_id": 5,
    "product_type": 1,
    "label": 0
  },
  {
    "filename": "216_20250428_125459_703.pt",
    "table_id": 5,
    "product_type": 1,
    "label": 0
  },
  {
    "filename": "216_20250428_125509_779.pt",
    "table_id": 5,
    "product_type": 1,
    "label": 0
  },
  {
    "filename": "216_20250428_125519_886.pt",
    "table_id": 5,
    "product_type": 1,
    "label": 0
  },
  {
    "filename": "216_20250428_125529_965.pt",
    "table_id": 5,
    "product_type": 1,
    "label": 0
  },
  {
    "filename": "216_20250428_125540_039.pt",
    "table_id": 5,
    "product_type": 1,
    "label": 2
  },
  {
    "filename": "216_20250428_125550_141.pt",
    "table_id": 5,
    "product_type": 1,
    "label": 0
  },
  {
    "filename": "216_20250428_125600_224.pt",
    "table_id": 5,
    "product_type": 1,
    "label": 0
  },
  {
    "filename": "216_20250428_125610_301.pt",
    "table_id": 5,
    "product_type": 1,
    "label": 0
  },
  {
    "filename": "216_20250428_125620_337.pt",
    "table_id": 5,
    "product_type": 1,
    "label": 0
  },
  {
    "filename": "216_20250428_125630_418.pt",
    "table_id": 5,
    "product_type": 1,
    "label": 0
  },
  {
    "filename": "216_20250428_125640_490.pt",
    "table_id": 5,
    "product_type": 1,
    "label": 0
  },
  {
    "filename": "216_20250428_125650_595.pt",
    "table_id": 5,
    "product_type": 1,
    "label": 0
  },
  {
    "filename": "216_20250428_125700_671.pt",
    "table_id": 5,
    "product_type": 1,
    "label": 0
  },
  {
    "filename": "216_20250428_125710_752.pt",
    "table_id": 5,
    "product_type": 1,
    "label": 0
  },
  {
    "filename": "216_20250428_125720_766.pt",
    "table_id": 5,
    "product_type": 1,
    "label": 1
  },
  {
    "filename": "216_20250428_125730_846.pt",
    "table_id": 5,
    "product_type": 1,
    "label": 8
  },
  {
    "filename": "216_20250428_125740_937.pt",
    "table_id": 5,
    "product_type": 1,
    "label": 6
  },
  {
    "filename": "216_20250428_125750_954.pt",
    "table_id": 5,
    "product_type": 1,
    "label": 6
  },
  {
    "filename": "216_20250428_125801_034.pt",
    "table_id": 5,
    "product_type": 1,
    "label": 0
  },
  {
    "filename": "216_20250428_125811_112.pt",
    "table_id": 5,
    "product_type": 1,
    "label": 0
  },
  {
    "filename": "216_20250428_125821_205.pt",
    "table_id": 5,
    "product_type": 1,
    "label": 0
  },
  {
    "filename": "216_20250428_125831_276.pt",
    "table_id": 5,
    "product_type": 1,
    "label": 0
  },
  {
    "filename": "216_20250428_125841_363.pt",
    "table_id": 5,
    "product_type": 1,
    "label": 0
  },
  {
    "filename": "216_20250428_125851_377.pt",
    "table_id": 5,
    "product_type": 1,
    "label": 0
  },
  {
    "filename": "216_20250428_125901_453.pt",
    "table_id": 5,
    "product_type": 1,
    "label": 6
  },
  {
    "filename": "216_20250428_125911_539.pt",
    "table_id": 5,
    "product_type": 1,
    "label": 0
  },
  {
    "filename": "216_20250428_125921_628.pt",
    "table_id": 5,
    "product_type": 1,
    "label": 0
  },
  {
    "filename": "216_20250429_153436_000.pt",
    "table_id": 5,
    "product_type": 1,
    "label": 0
  },
  {
    "filename": "216_20250429_153514_891.pt",
    "table_id": 5,
    "product_type": 1,
    "label": 0
  },
  {
    "filename": "216_20250429_153524_989.pt",
    "table_id": 5,
    "product_type": 1,
    "label": 0
  },
  {
    "filename": "216_20250429_153535_062.pt",
    "table_id": 5,
    "product_type": 1,
    "label": 1
  },
  {
    "filename": "216_20250429_153545_147.pt",
    "table_id": 5,
    "product_type": 1,
    "label": 0
  },
  {
    "filename": "216_20250429_153555_246.pt",
    "table_id": 5,
    "product_type": 1,
    "label": 0
  },
  {
    "filename": "216_20250429_153605_319.pt",
    "table_id": 5,
    "product_type": 1,
    "label": 0
  },
  {
    "filename": "216_20250429_153648_463.pt",
    "table_id": 5,
    "product_type": 1,
    "label": 6
  },
  {
    "filename": "216_20250429_153658_489.pt",
    "table_id": 5,
    "product_type": 1,
    "label": 0
  },
  {
    "filename": "216_20250429_153708_559.pt",
    "table_id": 5,
    "product_type": 1,
    "label": 0
  },
  {
    "filename": "216_20250429_153718_660.pt",
    "table_id": 5,
    "product_type": 1,
    "label": 0
  },
  {
    "filename": "216_20250429_153728_748.pt",
    "table_id": 5,
    "product_type": 1,
    "label": 0
  },
  {
    "filename": "216_20250429_153738_817.pt",
    "table_id": 5,
    "product_type": 1,
    "label": 0
  },
  {
    "filename": "216_20250429_153748_460.pt",
    "table_id": 5,
    "product_type": 1,
    "label": 0
  },
  {
    "filename": "216_20250429_153748_918.pt",
    "table_id": 5,
    "product_type": 1,
    "label": 6
  },
  {
    "filename": "216_20250429_153822_108.pt",
    "table_id": 5,
    "product_type": 1,
    "label": 0
  },
  {
    "filename": "216_20250429_153832_179.pt",
    "table_id": 5,
    "product_type": 1,
    "label": 2
  },
  {
    "filename": "216_20250429_153842_247.pt",
    "table_id": 5,
    "product_type": 1,
    "label": 0
  },
  {
    "filename": "216_20250429_153852_361.pt",
    "table_id": 5,
    "product_type": 1,
    "label": 0
  },
  {
    "filename": "216_20250429_153902_435.pt",
    "table_id": 5,
    "product_type": 1,
    "label": 0
  },
  {
    "filename": "216_20250429_153912_505.pt",
    "table_id": 5,
    "product_type": 1,
    "label": 2
  },
  {
    "filename": "216_20250429_153922_618.pt",
    "table_id": 5,
    "product_type": 1,
    "label": 0
  },
  {
    "filename": "216_20250429_153932_698.pt",
    "table_id": 5,
    "product_type": 1,
    "label": 0
  },
  {
    "filename": "216_20250429_153942_770.pt",
    "table_id": 5,
    "product_type": 1,
    "label": 1
  },
  {
    "filename": "216_20250429_153952_890.pt",
    "table_id": 5,
    "product_type": 1,
    "label": 1
  },
  {
    "filename": "216_20250429_154002_967.pt",
    "table_id": 5,
    "product_type": 1,
    "label": 1
  },
  {
    "filename": "216_20250429_154013_033.pt",
    "table_id": 5,
    "product_type": 1,
    "label": 0
  },
  {
    "filename": "216_20250429_154023_110.pt",
    "table_id": 5,
    "product_type": 1,
    "label": 0
  },
  {
    "filename": "216_20250429_154033_200.pt",
    "table_id": 5,
    "product_type": 1,
    "label": 0
  },
  {
    "filename": "216_20250429_154043_221.pt",
    "table_id": 5,
    "product_type": 1,
    "label": 6
  },
  {
    "filename": "216_20250429_154053_278.pt",
    "table_id": 5,
    "product_type": 1,
    "label": 0
  },
  {
    "filename": "216_20250429_154103_370.pt",
    "table_id": 5,
    "product_type": 1,
    "label": 0
  },
  {
    "filename": "216_20250429_154113_469.pt",
    "table_id": 5,
    "product_type": 1,
    "label": 0
  },
  {
    "filename": "216_20250429_154123_558.pt",
    "table_id": 5,
    "product_type": 1,
    "label": 0
  },
  {
    "filename": "216_20250429_154133_630.pt",
    "table_id": 5,
    "product_type": 1,
    "label": 0
  },
  {
    "filename": "216_20250429_154143_696.pt",
    "table_id": 5,
    "product_type": 1,
    "label": 6
  },
  {
    "filename": "216_20250429_154153_807.pt",
    "table_id": 5,
    "product_type": 1,
    "label": 0
  },
  {
    "filename": "216_20250429_154203_876.pt",
    "table_id": 5,
    "product_type": 1,
    "label": 2
  },
  {
    "filename": "216_20250429_154213_939.pt",
    "table_id": 5,
    "product_type": 1,
    "label": 0
  },
  {
    "filename": "216_20250429_154223_973.pt",
    "table_id": 5,
    "product_type": 1,
    "label": 0
  },
  {
    "filename": "216_20250429_154234_049.pt",
    "table_id": 5,
    "product_type": 1,
    "label": 0
  },
  {
    "filename": "216_20250429_154244_109.pt",
    "table_id": 5,
    "product_type": 1,
    "label": 2
  },
  {
    "filename": "216_20250429_154254_215.pt",
    "table_id": 5,
    "product_type": 1,
    "label": 2
  },
  {
    "filename": "216_20250429_154304_287.pt",
    "table_id": 5,
    "product_type": 1,
    "label": 0
  },
  {
    "filename": "216_20250429_154314_373.pt",
    "table_id": 5,
    "product_type": 1,
    "label": 0
  },
  {
    "filename": "216_20250429_154324_473.pt",
    "table_id": 5,
    "product_type": 1,
    "label": 1
  },
  {
    "filename": "216_20250429_154334_544.pt",
    "table_id": 5,
    "product_type": 1,
    "label": 0
  },
  {
    "filename": "216_20250429_154344_630.pt",
    "table_id": 5,
    "product_type": 1,
    "label": 0
  },
  {
    "filename": "216_20250429_154354_648.pt",
    "table_id": 5,
    "product_type": 1,
    "label": 6
  },
  {
    "filename": "216_20250429_154404_724.pt",
    "table_id": 5,
    "product_type": 1,
    "label": 0
  },
  {
    "filename": "216_20250429_154414_814.pt",
    "table_id": 5,
    "product_type": 1,
    "label": 0
  },
  {
    "filename": "216_20250429_154424_836.pt",
    "table_id": 5,
    "product_type": 1,
    "label": 0
  },
  {
    "filename": "216_20250429_154434_911.pt",
    "table_id": 5,
    "product_type": 1,
    "label": 0
  },
  {
    "filename": "216_20250429_154444_990.pt",
    "table_id": 5,
    "product_type": 1,
    "label": 0
  },
  {
    "filename": "216_20250429_154455_085.pt",
    "table_id": 5,
    "product_type": 1,
    "label": 6
  },
  {
    "filename": "216_20250429_154505_151.pt",
    "table_id": 5,
    "product_type": 1,
    "label": 0
  },
  {
    "filename": "216_20250429_154515_236.pt",
    "table_id": 5,
    "product_type": 1,
    "label": 0
  },
  {
    "filename": "216_20250429_154525_334.pt",
    "table_id": 5,
    "product_type": 1,
    "label": 0
  },
  {
    "filename": "216_20250429_154535_405.pt",
    "table_id": 5,
    "product_type": 1,
    "label": 1
  },
  {
    "filename": "216_20250429_154545_495.pt",
    "table_id": 5,
    "product_type": 1,
    "label": 0
  },
  {
    "filename": "216_20250429_154555_512.pt",
    "table_id": 5,
    "product_type": 1,
    "label": 1
  },
  {
    "filename": "216_20250429_154605_587.pt",
    "table_id": 5,
    "product_type": 1,
    "label": 6
  }
]