[
  {
    "filename": "6_20250509_144543_009.pt",
    "table_id": 3,
    "product_type": 2,
    "label": 0
  },
  {
    "filename": "6_20250509_144553_076.pt",
    "table_id": 3,
    "product_type": 2,
    "label": -1
  },
  {
    "filename": "6_20250509_144603_189.pt",
    "table_id": 3,
    "product_type": 2,
    "label": -1
  },
  {
    "filename": "6_20250509_144613_277.pt",
    "table_id": 3,
    "product_type": 2,
    "label": 0
  },
  {
    "filename": "6_20250509_144623_346.pt",
    "table_id": 3,
    "product_type": 2,
    "label": -1
  },
  {
    "filename": "6_20250509_144633_452.pt",
    "table_id": 3,
    "product_type": 2,
    "label": 0
  },
  {
    "filename": "6_20250509_144643_534.pt",
    "table_id": 3,
    "product_type": 2,
    "label": 8
  },
  {
    "filename": "6_20250509_144653_601.pt",
    "table_id": 3,
    "product_type": 2,
    "label": 6
  },
  {
    "filename": "6_20250509_144703_710.pt",
    "table_id": 3,
    "product_type": 2,
    "label": 0
  },
  {
    "filename": "6_20250509_144713_793.pt",
    "table_id": 3,
    "product_type": 2,
    "label": 0
  },
  {
    "filename": "6_20250509_144723_857.pt",
    "table_id": 3,
    "product_type": 2,
    "label": 8
  },
  {
    "filename": "6_20250509_144733_969.pt",
    "table_id": 3,
    "product_type": 2,
    "label": 0
  },
  {
    "filename": "6_20250509_144744_051.pt",
    "table_id": 3,
    "product_type": 2,
    "label": 0
  },
  {
    "filename": "6_20250509_144754_116.pt",
    "table_id": 3,
    "product_type": 2,
    "label": 0
  },
  {
    "filename": "6_20250509_144804_222.pt",
    "table_id": 3,
    "product_type": 2,
    "label": 8
  },
  {
    "filename": "6_20250509_144814_301.pt",
    "table_id": 3,
    "product_type": 2,
    "label": 0
  },
  {
    "filename": "6_20250509_144824_360.pt",
    "table_id": 3,
    "product_type": 2,
    "label": 0
  },
  {
    "filename": "6_20250509_144834_462.pt",
    "table_id": 3,
    "product_type": 2,
    "label": 8
  },
  {
    "filename": "6_20250509_144844_535.pt",
    "table_id": 3,
    "product_type": 2,
    "label": 3
  },
  {
    "filename": "6_20250509_144854_595.pt",
    "table_id": 3,
    "product_type": 2,
    "label": 0
  },
  {
    "filename": "6_20250509_144904_707.pt",
    "table_id": 3,
    "product_type": 2,
    "label": 7
  },
  {
    "filename": "6_20250509_144914_782.pt",
    "table_id": 3,
    "product_type": 2,
    "label": 8
  },
  {
    "filename": "6_20250509_144924_843.pt",
    "table_id": 3,
    "product_type": 2,
    "label": 8
  },
  {
    "filename": "6_20250509_144934_952.pt",
    "table_id": 3,
    "product_type": 2,
    "label": -1
  },
  {
    "filename": "6_20250509_144945_030.pt",
    "table_id": 3,
    "product_type": 2,
    "label": 0
  },
  {
    "filename": "6_20250509_144955_095.pt",
    "table_id": 3,
    "product_type": 2,
    "label": 0
  },
  {
    "filename": "6_20250509_145005_202.pt",
    "table_id": 3,
    "product_type": 2,
    "label": 8
  },
  {
    "filename": "6_20250509_145015_274.pt",
    "table_id": 3,
    "product_type": 2,
    "label": -1
  },
  {
    "filename": "6_20250509_145025_333.pt",
    "table_id": 3,
    "product_type": 2,
    "label": 6
  },
  {
    "filename": "6_20250509_145035_444.pt",
    "table_id": 3,
    "product_type": 2,
    "label": -1
  },
  {
    "filename": "6_20250509_145045_517.pt",
    "table_id": 3,
    "product_type": 2,
    "label": 8
  },
  {
    "filename": "6_20250509_145055_576.pt",
    "table_id": 3,
    "product_type": 2,
    "label": 0
  },
  {
    "filename": "6_20250509_145105_684.pt",
    "table_id": 3,
    "product_type": 2,
    "label": 0
  },
  {
    "filename": "6_20250509_145115_758.pt",
    "table_id": 3,
    "product_type": 2,
    "label": 8
  },
  {
    "filename": "6_20250509_145125_820.pt",
    "table_id": 3,
    "product_type": 2,
    "label": 0
  },
  {
    "filename": "6_20250509_145135_932.pt",
    "table_id": 3,
    "product_type": 2,
    "label": 8
  },
  {
    "filename": "6_20250509_145146_004.pt",
    "table_id": 3,
    "product_type": 2,
    "label": 8
  },
  {
    "filename": "6_20250509_145156_061.pt",
    "table_id": 3,
    "product_type": 2,
    "label": -1
  },
  {
    "filename": "6_20250509_145206_171.pt",
    "table_id": 3,
    "product_type": 2,
    "label": 0
  },
  {
    "filename": "6_20250509_145216_239.pt",
    "table_id": 3,
    "product_type": 2,
    "label": 0
  },
  {
    "filename": "6_20250509_145226_298.pt",
    "table_id": 3,
    "product_type": 2,
    "label": 0
  },
  {
    "filename": "6_20250509_145236_417.pt",
    "table_id": 3,
    "product_type": 2,
    "label": 0
  },
  {
    "filename": "6_20250509_145246_490.pt",
    "table_id": 3,
    "product_type": 2,
    "label": -1
  },
  {
    "filename": "6_20250509_145256_553.pt",
    "table_id": 3,
    "product_type": 2,
    "label": -1
  },
  {
    "filename": "6_20250509_145306_664.pt",
    "table_id": 3,
    "product_type": 2,
    "label": -1
  },
  {
    "filename": "6_20250509_145316_735.pt",
    "table_id": 3,
    "product_type": 2,
    "label": 8
  },
  {
    "filename": "6_20250509_145326_794.pt",
    "table_id": 3,
    "product_type": 2,
    "label": 0
  },
  {
    "filename": "6_20250509_145336_907.pt",
    "table_id": 3,
    "product_type": 2,
    "label": -1
  },
  {
    "filename": "6_20250509_145346_979.pt",
    "table_id": 3,
    "product_type": 2,
    "label": 6
  },
  {
    "filename": "6_20250509_145357_034.pt",
    "table_id": 3,
    "product_type": 2,
    "label": -1
  },
  {
    "filename": "6_20250509_145407_146.pt",
    "table_id": 3,
    "product_type": 2,
    "label": 0
  },
  {
    "filename": "6_20250509_145417_220.pt",
    "table_id": 3,
    "product_type": 2,
    "label": 8
  },
  {
    "filename": "6_20250509_145427_276.pt",
    "table_id": 3,
    "product_type": 2,
    "label": 8
  },
  {
    "filename": "6_20250509_145437_380.pt",
    "table_id": 3,
    "product_type": 2,
    "label": 0
  },
  {
    "filename": "6_20250509_145447_449.pt",
    "table_id": 3,
    "product_type": 2,
    "label": 0
  },
  {
    "filename": "6_20250509_145457_508.pt",
    "table_id": 3,
    "product_type": 2,
    "label": 8
  },
  {
    "filename": "6_20250509_145507_624.pt",
    "table_id": 3,
    "product_type": 2,
    "label": 2
  },
  {
    "filename": "6_20250509_145517_691.pt",
    "table_id": 3,
    "product_type": 2,
    "label": 8
  },
  {
    "filename": "6_20250509_145527_754.pt",
    "table_id": 3,
    "product_type": 2,
    "label": 0
  },
  {
    "filename": "6_20250509_145537_873.pt",
    "table_id": 3,
    "product_type": 2,
    "label": 0
  },
  {
    "filename": "6_20250509_145547_943.pt",
    "table_id": 3,
    "product_type": 2,
    "label": -1
  },
  {
    "filename": "6_20250509_145558_003.pt",
    "table_id": 3,
    "product_type": 2,
    "label": -1
  },
  {
    "filename": "6_20250509_145608_118.pt",
    "table_id": 3,
    "product_type": 2,
    "label": 0
  },
  {
    "filename": "6_20250509_145618_185.pt",
    "table_id": 3,
    "product_type": 2,
    "label": -1
  },
  {
    "filename": "6_20250509_145628_241.pt",
    "table_id": 3,
    "product_type": 2,
    "label": 8
  },
  {
    "filename": "6_20250509_145638_353.pt",
    "table_id": 3,
    "product_type": 2,
    "label": 0
  },
  {
    "filename": "6_20250509_145648_421.pt",
    "table_id": 3,
    "product_type": 2,
    "label": -1
  },
  {
    "filename": "6_20250509_145658_481.pt",
    "table_id": 3,
    "product_type": 2,
    "label": 8
  },
  {
    "filename": "6_20250509_145708_599.pt",
    "table_id": 3,
    "product_type": 2,
    "label": 8
  },
  {
    "filename": "6_20250509_145718_670.pt",
    "table_id": 3,
    "product_type": 2,
    "label": 0
  },
  {
    "filename": "6_20250509_145728_730.pt",
    "table_id": 3,
    "product_type": 2,
    "label": 0
  },
  {
    "filename": "6_20250509_145738_839.pt",
    "table_id": 3,
    "product_type": 2,
    "label": 8
  },
  {
    "filename": "6_20250509_145748_906.pt",
    "table_id": 3,
    "product_type": 2,
    "label": 0
  },
  {
    "filename": "6_20250509_145758_991.pt",
    "table_id": 3,
    "product_type": 2,
    "label": 8
  },
  {
    "filename": "6_20250509_145809_083.pt",
    "table_id": 3,
    "product_type": 2,
    "label": 8
  },
  {
    "filename": "6_20250509_145819_152.pt",
    "table_id": 3,
    "product_type": 2,
    "label": 0
  },
  {
    "filename": "6_20250509_145829_234.pt",
    "table_id": 3,
    "product_type": 2,
    "label": 0
  },
  {
    "filename": "6_20250509_145839_334.pt",
    "table_id": 3,
    "product_type": 2,
    "label": 0
  },
  {
    "filename": "6_20250509_145849_407.pt",
    "table_id": 3,
    "product_type": 2,
    "label": 8
  },
  {
    "filename": "6_20250509_145859_488.pt",
    "table_id": 3,
    "product_type": 2,
    "label": 0
  },
  {
    "filename": "6_20250509_145909_507.pt",
    "table_id": 3,
    "product_type": 2,
    "label": -1
  },
  {
    "filename": "6_20250509_145919_577.pt",
    "table_id": 3,
    "product_type": 2,
    "label": 0
  },
  {
    "filename": "6_20250509_145929_660.pt",
    "table_id": 3,
    "product_type": 2,
    "label": 8
  },
  {
    "filename": "6_20250509_145939_757.pt",
    "table_id": 3,
    "product_type": 2,
    "label": 8
  },
  {
    "filename": "6_20250509_145949_828.pt",
    "table_id": 3,
    "product_type": 2,
    "label": -1
  },
  {
    "filename": "6_20250509_145959_913.pt",
    "table_id": 3,
    "product_type": 2,
    "label": 0
  },
  {
    "filename": "6_20250509_150009_932.pt",
    "table_id": 3,
    "product_type": 2,
    "label": 0
  },
  {
    "filename": "6_20250509_150020_004.pt",
    "table_id": 3,
    "product_type": 2,
    "label": 8
  },
  {
    "filename": "6_20250509_150030_089.pt",
    "table_id": 3,
    "product_type": 2,
    "label": 8
  },
  {
    "filename": "6_20250509_150040_105.pt",
    "table_id": 3,
    "product_type": 2,
    "label": 8
  },
  {
    "filename": "6_20250509_150050_170.pt",
    "table_id": 3,
    "product_type": 2,
    "label": -1
  },
  {
    "filename": "6_20250509_150100_251.pt",
    "table_id": 3,
    "product_type": 2,
    "label": 6
  },
  {
    "filename": "6_20250509_150110_347.pt",
    "table_id": 3,
    "product_type": 2,
    "label": -1
  },
  {
    "filename": "6_20250509_150120_415.pt",
    "table_id": 3,
    "product_type": 2,
    "label": 8
  },
  {
    "filename": "6_20250509_150130_504.pt",
    "table_id": 3,
    "product_type": 2,
    "label": 2
  },
  {
    "filename": "6_20250509_150140_600.pt",
    "table_id": 3,
    "product_type": 2,
    "label": 0
  },
  {
    "filename": "6_20250509_150150_673.pt",
    "table_id": 3,
    "product_type": 2,
    "label": 0
  },
  {
    "filename": "6_20250509_150200_768.pt",
    "table_id": 3,
    "product_type": 2,
    "label": 0
  },
  {
    "filename": "6_20250509_150210_866.pt",
    "table_id": 3,
    "product_type": 2,
    "label": 3
  },
  {
    "filename": "6_20250509_150220_935.pt",
    "table_id": 3,
    "product_type": 2,
    "label": -1
  }
]