[
  {
    "filename": "216_20250430_172436_176.pt",
    "table_id": 5,
    "product_type": 1,
    "label": 0
  },
  {
    "filename": "216_20250430_172446_191.pt",
    "table_id": 5,
    "product_type": 1,
    "label": 0
  },
  {
    "filename": "216_20250430_172456_271.pt",
    "table_id": 5,
    "product_type": 1,
    "label": 0
  },
  {
    "filename": "216_20250430_172506_356.pt",
    "table_id": 5,
    "product_type": 1,
    "label": 0
  },
  {
    "filename": "216_20250430_172516_451.pt",
    "table_id": 5,
    "product_type": 1,
    "label": 0
  },
  {
    "filename": "216_20250430_172526_548.pt",
    "table_id": 5,
    "product_type": 1,
    "label": 0
  },
  {
    "filename": "216_20250430_172536_615.pt",
    "table_id": 5,
    "product_type": 1,
    "label": 0
  },
  {
    "filename": "216_20250430_172546_705.pt",
    "table_id": 5,
    "product_type": 1,
    "label": 2
  },
  {
    "filename": "216_20250430_172556_793.pt",
    "table_id": 5,
    "product_type": 1,
    "label": 0
  },
  {
    "filename": "216_20250430_172606_860.pt",
    "table_id": 5,
    "product_type": 1,
    "label": 0
  },
  {
    "filename": "216_20250430_172616_937.pt",
    "table_id": 5,
    "product_type": 1,
    "label": 0
  },
  {
    "filename": "216_20250430_172627_001.pt",
    "table_id": 5,
    "product_type": 1,
    "label": 0
  },
  {
    "filename": "216_20250430_172637_092.pt",
    "table_id": 5,
    "product_type": 1,
    "label": 0
  },
  {
    "filename": "216_20250430_172647_181.pt",
    "table_id": 5,
    "product_type": 1,
    "label": 2
  },
  {
    "filename": "216_20250430_172657_244.pt",
    "table_id": 5,
    "product_type": 1,
    "label": 6
  },
  {
    "filename": "216_20250430_172707_321.pt",
    "table_id": 5,
    "product_type": 1,
    "label": 8
  },
  {
    "filename": "216_20250430_172717_394.pt",
    "table_id": 5,
    "product_type": 1,
    "label": 1
  },
  {
    "filename": "216_20250430_172727_481.pt",
    "table_id": 5,
    "product_type": 1,
    "label": 0
  },
  {
    "filename": "216_20250430_172737_559.pt",
    "table_id": 5,
    "product_type": 1,
    "label": 0
  },
  {
    "filename": "216_20250430_172747_638.pt",
    "table_id": 5,
    "product_type": 1,
    "label": 0
  },
  {
    "filename": "216_20250430_172757_726.pt",
    "table_id": 5,
    "product_type": 1,
    "label": 6
  },
  {
    "filename": "216_20250430_172807_797.pt",
    "table_id": 5,
    "product_type": 1,
    "label": 6
  },
  {
    "filename": "216_20250430_172817_877.pt",
    "table_id": 5,
    "product_type": 1,
    "label": 0
  },
  {
    "filename": "216_20250430_172827_952.pt",
    "table_id": 5,
    "product_type": 1,
    "label": 0
  },
  {
    "filename": "216_20250430_172838_041.pt",
    "table_id": 5,
    "product_type": 1,
    "label": 0
  },
  {
    "filename": "216_20250430_172848_125.pt",
    "table_id": 5,
    "product_type": 1,
    "label": 0
  },
  {
    "filename": "216_20250430_172858_218.pt",
    "table_id": 5,
    "product_type": 1,
    "label": 1
  },
  {
    "filename": "216_20250430_172908_302.pt",
    "table_id": 5,
    "product_type": 1,
    "label": 0
  },
  {
    "filename": "216_20250430_172918_385.pt",
    "table_id": 5,
    "product_type": 1,
    "label": 6
  },
  {
    "filename": "216_20250430_172928_479.pt",
    "table_id": 5,
    "product_type": 1,
    "label": 6
  },
  {
    "filename": "216_20250430_172938_556.pt",
    "table_id": 5,
    "product_type": 1,
    "label": 0
  },
  {
    "filename": "216_20250430_172948_638.pt",
    "table_id": 5,
    "product_type": 1,
    "label": 0
  },
  {
    "filename": "216_20250430_172958_731.pt",
    "table_id": 5,
    "product_type": 1,
    "label": 0
  },
  {
    "filename": "216_20250430_173008_804.pt",
    "table_id": 5,
    "product_type": 1,
    "label": 8
  },
  {
    "filename": "216_20250430_173018_886.pt",
    "table_id": 5,
    "product_type": 1,
    "label": 0
  },
  {
    "filename": "216_20250430_173028_976.pt",
    "table_id": 5,
    "product_type": 1,
    "label": 0
  },
  {
    "filename": "216_20250430_173039_049.pt",
    "table_id": 5,
    "product_type": 1,
    "label": 6
  },
  {
    "filename": "216_20250430_173049_133.pt",
    "table_id": 5,
    "product_type": 1,
    "label": 0
  },
  {
    "filename": "216_20250430_173059_225.pt",
    "table_id": 5,
    "product_type": 1,
    "label": 0
  },
  {
    "filename": "216_20250430_173109_304.pt",
    "table_id": 5,
    "product_type": 1,
    "label": 0
  },
  {
    "filename": "216_20250430_173119_391.pt",
    "table_id": 5,
    "product_type": 1,
    "label": 0
  },
  {
    "filename": "216_20250430_173129_460.pt",
    "table_id": 5,
    "product_type": 1,
    "label": 0
  },
  {
    "filename": "216_20250430_173139_543.pt",
    "table_id": 5,
    "product_type": 1,
    "label": 0
  },
  {
    "filename": "216_20250430_173149_636.pt",
    "table_id": 5,
    "product_type": 1,
    "label": 0
  },
  {
    "filename": "216_20250430_173159_726.pt",
    "table_id": 5,
    "product_type": 1,
    "label": 0
  },
  {
    "filename": "216_20250430_173209_779.pt",
    "table_id": 5,
    "product_type": 1,
    "label": 0
  },
  {
    "filename": "216_20250430_173219_859.pt",
    "table_id": 5,
    "product_type": 1,
    "label": 0
  },
  {
    "filename": "216_20250430_173229_951.pt",
    "table_id": 5,
    "product_type": 1,
    "label": 1
  },
  {
    "filename": "216_20250430_173240_037.pt",
    "table_id": 5,
    "product_type": 1,
    "label": 0
  },
  {
    "filename": "216_20250430_173250_119.pt",
    "table_id": 5,
    "product_type": 1,
    "label": 0
  },
  {
    "filename": "216_20250430_173300_208.pt",
    "table_id": 5,
    "product_type": 1,
    "label": 1
  },
  {
    "filename": "216_20250430_173310_276.pt",
    "table_id": 5,
    "product_type": 1,
    "label": 8
  },
  {
    "filename": "216_20250430_173320_358.pt",
    "table_id": 5,
    "product_type": 1,
    "label": 6
  },
  {
    "filename": "216_20250430_173330_445.pt",
    "table_id": 5,
    "product_type": 1,
    "label": 0
  },
  {
    "filename": "216_20250430_173340_514.pt",
    "table_id": 5,
    "product_type": 1,
    "label": 0
  },
  {
    "filename": "216_20250430_173350_600.pt",
    "table_id": 5,
    "product_type": 1,
    "label": 0
  },
  {
    "filename": "216_20250430_173400_694.pt",
    "table_id": 5,
    "product_type": 1,
    "label": 0
  },
  {
    "filename": "216_20250430_173410_768.pt",
    "table_id": 5,
    "product_type": 1,
    "label": 0
  },
  {
    "filename": "216_20250430_173420_854.pt",
    "table_id": 5,
    "product_type": 1,
    "label": 0
  },
  {
    "filename": "216_20250430_173430_921.pt",
    "table_id": 5,
    "product_type": 1,
    "label": 0
  },
  {
    "filename": "216_20250430_173441_000.pt",
    "table_id": 5,
    "product_type": 1,
    "label": 0
  },
  {
    "filename": "216_20250430_173451_087.pt",
    "table_id": 5,
    "product_type": 1,
    "label": 0
  },
  {
    "filename": "216_20250430_173501_177.pt",
    "table_id": 5,
    "product_type": 1,
    "label": 0
  },
  {
    "filename": "216_20250430_173511_248.pt",
    "table_id": 5,
    "product_type": 1,
    "label": 0
  },
  {
    "filename": "216_20250430_173521_326.pt",
    "table_id": 5,
    "product_type": 1,
    "label": 0
  },
  {
    "filename": "216_20250430_173531_411.pt",
    "table_id": 5,
    "product_type": 1,
    "label": 2
  },
  {
    "filename": "216_20250430_173541_488.pt",
    "table_id": 5,
    "product_type": 1,
    "label": 6
  },
  {
    "filename": "216_20250430_173551_577.pt",
    "table_id": 5,
    "product_type": 1,
    "label": 2
  },
  {
    "filename": "216_20250430_173601_648.pt",
    "table_id": 5,
    "product_type": 1,
    "label": 8
  },
  {
    "filename": "216_20250430_173611_732.pt",
    "table_id": 5,
    "product_type": 1,
    "label": 0
  },
  {
    "filename": "216_20250430_173621_813.pt",
    "table_id": 5,
    "product_type": 1,
    "label": 0
  },
  {
    "filename": "216_20250430_173631_899.pt",
    "table_id": 5,
    "product_type": 1,
    "label": 0
  },
  {
    "filename": "216_20250430_173641_967.pt",
    "table_id": 5,
    "product_type": 1,
    "label": 0
  },
  {
    "filename": "216_20250430_173652_048.pt",
    "table_id": 5,
    "product_type": 1,
    "label": 1
  },
  {
    "filename": "216_20250430_173702_137.pt",
    "table_id": 5,
    "product_type": 1,
    "label": 6
  },
  {
    "filename": "216_20250430_173712_217.pt",
    "table_id": 5,
    "product_type": 1,
    "label": 0
  },
  {
    "filename": "216_20250430_173722_300.pt",
    "table_id": 5,
    "product_type": 1,
    "label": 2
  },
  {
    "filename": "216_20250430_173732_390.pt",
    "table_id": 5,
    "product_type": 1,
    "label": 0
  },
  {
    "filename": "216_20250430_173742_460.pt",
    "table_id": 5,
    "product_type": 1,
    "label": 0
  },
  {
    "filename": "216_20250430_173752_545.pt",
    "table_id": 5,
    "product_type": 1,
    "label": 0
  },
  {
    "filename": "216_20250430_173802_638.pt",
    "table_id": 5,
    "product_type": 1,
    "label": 0
  },
  {
    "filename": "216_20250430_173812_705.pt",
    "table_id": 5,
    "product_type": 1,
    "label": 6
  },
  {
    "filename": "216_20250430_173822_787.pt",
    "table_id": 5,
    "product_type": 1,
    "label": 0
  },
  {
    "filename": "216_20250430_173832_874.pt",
    "table_id": 5,
    "product_type": 1,
    "label": 1
  },
  {
    "filename": "216_20250430_173842_944.pt",
    "table_id": 5,
    "product_type": 1,
    "label": 0
  },
  {
    "filename": "216_20250430_173853_024.pt",
    "table_id": 5,
    "product_type": 1,
    "label": 0
  },
  {
    "filename": "216_20250430_173903_107.pt",
    "table_id": 5,
    "product_type": 1,
    "label": 8
  },
  {
    "filename": "216_20250430_173913_174.pt",
    "table_id": 5,
    "product_type": 1,
    "label": 0
  },
  {
    "filename": "216_20250430_173923_258.pt",
    "table_id": 5,
    "product_type": 1,
    "label": 0
  },
  {
    "filename": "216_20250430_173933_343.pt",
    "table_id": 5,
    "product_type": 1,
    "label": 6
  },
  {
    "filename": "216_20250430_173943_408.pt",
    "table_id": 5,
    "product_type": 1,
    "label": 0
  },
  {
    "filename": "216_20250430_173953_489.pt",
    "table_id": 5,
    "product_type": 1,
    "label": 0
  },
  {
    "filename": "216_20250430_174003_574.pt",
    "table_id": 5,
    "product_type": 1,
    "label": 0
  },
  {
    "filename": "216_20250430_174013_646.pt",
    "table_id": 5,
    "product_type": 1,
    "label": 0
  },
  {
    "filename": "216_20250430_174023_731.pt",
    "table_id": 5,
    "product_type": 1,
    "label": 0
  },
  {
    "filename": "216_20250430_174033_823.pt",
    "table_id": 5,
    "product_type": 1,
    "label": 0
  },
  {
    "filename": "216_20250430_174043_893.pt",
    "table_id": 5,
    "product_type": 1,
    "label": 6
  },
  {
    "filename": "216_20250430_174053_978.pt",
    "table_id": 5,
    "product_type": 1,
    "label": 0
  },
  {
    "filename": "216_20250430_174104_067.pt",
    "table_id": 5,
    "product_type": 1,
    "label": 0
  },
  {
    "filename": "216_20250430_174114_138.pt",
    "table_id": 5,
    "product_type": 1,
    "label": 0
  }
]